[{"__symbolic":"module","version":3,"metadata":{},"exports":[{"from":"./types/types"},{"from":"./wrappers/wrappers"},{"from":"./formly.validation-message","export":["FormlyValidationMessage"]},{"from":"./ui-bootstrap.module","export":["FormlyBootstrapModule"]}]},{"__symbolic":"module","version":1,"metadata":{},"exports":[{"from":"./types/types"},{"from":"./wrappers/wrappers"},{"from":"./formly.validation-message","export":["FormlyValidationMessage"]},{"from":"./ui-bootstrap.module","export":["FormlyBootstrapModule"]}]}]