{"summaries":[{"symbol":{"__symbol":0},"metadata":{"__symbol":1}},{"symbol":{"__symbol":2},"metadata":{"__symbol":3}},{"symbol":{"__symbol":4},"metadata":{"__symbol":5}},{"symbol":{"__symbol":6},"metadata":{"__symbol":7}},{"symbol":{"__symbol":8},"metadata":{"__symbol":9}},{"symbol":{"__symbol":10},"metadata":{"__symbol":11}},{"symbol":{"__symbol":12},"metadata":{"__symbol":13}},{"symbol":{"__symbol":14},"metadata":{"__symbol":15}},{"symbol":{"__symbol":16},"metadata":{"__symbol":17}},{"symbol":{"__symbol":18},"metadata":{"__symbol":19}},{"symbol":{"__symbol":20},"metadata":{"__symbol":21}},{"symbol":{"__symbol":22},"metadata":{"__symbol":23}}],"symbols":[{"__symbol":0,"name":"FormlyFieldCheckbox","filePath":"/home/abdellatif/www/contrib/ng2-formly/src/ui-bootstrap/index.d.ts"},{"__symbol":1,"name":"FormlyFieldCheckbox","filePath":"/home/abdellatif/www/contrib/ng2-formly/src/ui-bootstrap/types/types.d.ts"},{"__symbol":2,"name":"FormlyFieldMultiCheckbox","filePath":"/home/abdellatif/www/contrib/ng2-formly/src/ui-bootstrap/index.d.ts"},{"__symbol":3,"name":"FormlyFieldMultiCheckbox","filePath":"/home/abdellatif/www/contrib/ng2-formly/src/ui-bootstrap/types/types.d.ts"},{"__symbol":4,"name":"FormlyFieldInput","filePath":"/home/abdellatif/www/contrib/ng2-formly/src/ui-bootstrap/index.d.ts"},{"__symbol":5,"name":"FormlyFieldInput","filePath":"/home/abdellatif/www/contrib/ng2-formly/src/ui-bootstrap/types/types.d.ts"},{"__symbol":6,"name":"FormlyFieldRadio","filePath":"/home/abdellatif/www/contrib/ng2-formly/src/ui-bootstrap/index.d.ts"},{"__symbol":7,"name":"FormlyFieldRadio","filePath":"/home/abdellatif/www/contrib/ng2-formly/src/ui-bootstrap/types/types.d.ts"},{"__symbol":8,"name":"FormlyFieldTextArea","filePath":"/home/abdellatif/www/contrib/ng2-formly/src/ui-bootstrap/index.d.ts"},{"__symbol":9,"name":"FormlyFieldTextArea","filePath":"/home/abdellatif/www/contrib/ng2-formly/src/ui-bootstrap/types/types.d.ts"},{"__symbol":10,"name":"FormlyFieldSelect","filePath":"/home/abdellatif/www/contrib/ng2-formly/src/ui-bootstrap/index.d.ts"},{"__symbol":11,"name":"FormlyFieldSelect","filePath":"/home/abdellatif/www/contrib/ng2-formly/src/ui-bootstrap/types/types.d.ts"},{"__symbol":12,"name":"FormlyWrapperFieldset","filePath":"/home/abdellatif/www/contrib/ng2-formly/src/ui-bootstrap/index.d.ts"},{"__symbol":13,"name":"FormlyWrapperFieldset","filePath":"/home/abdellatif/www/contrib/ng2-formly/src/ui-bootstrap/wrappers/wrappers.d.ts"},{"__symbol":14,"name":"FormlyWrapperLabel","filePath":"/home/abdellatif/www/contrib/ng2-formly/src/ui-bootstrap/index.d.ts"},{"__symbol":15,"name":"FormlyWrapperLabel","filePath":"/home/abdellatif/www/contrib/ng2-formly/src/ui-bootstrap/wrappers/wrappers.d.ts"},{"__symbol":16,"name":"FormlyWrapperDescription","filePath":"/home/abdellatif/www/contrib/ng2-formly/src/ui-bootstrap/index.d.ts"},{"__symbol":17,"name":"FormlyWrapperDescription","filePath":"/home/abdellatif/www/contrib/ng2-formly/src/ui-bootstrap/wrappers/wrappers.d.ts"},{"__symbol":18,"name":"FormlyWrapperValidationMessages","filePath":"/home/abdellatif/www/contrib/ng2-formly/src/ui-bootstrap/index.d.ts"},{"__symbol":19,"name":"FormlyWrapperValidationMessages","filePath":"/home/abdellatif/www/contrib/ng2-formly/src/ui-bootstrap/wrappers/wrappers.d.ts"},{"__symbol":20,"name":"FormlyValidationMessage","filePath":"/home/abdellatif/www/contrib/ng2-formly/src/ui-bootstrap/index.d.ts"},{"__symbol":21,"name":"FormlyValidationMessage","filePath":"/home/abdellatif/www/contrib/ng2-formly/src/ui-bootstrap/formly.validation-message.d.ts"},{"__symbol":22,"name":"FormlyBootstrapModule","filePath":"/home/abdellatif/www/contrib/ng2-formly/src/ui-bootstrap/index.d.ts"},{"__symbol":23,"name":"FormlyBootstrapModule","filePath":"/home/abdellatif/www/contrib/ng2-formly/src/ui-bootstrap/ui-bootstrap.module.d.ts"}]}