{"summaries":[{"symbol":{"__symbol":0},"metadata":{"__symbolic":"class"},"type":{"summaryKind":2,"type":{"reference":{"__symbol":0},"diDeps":[],"lifecycleHooks":[]},"entryComponents":[{"reference":{"__symbol":1}},{"reference":{"__symbol":2}},{"reference":{"__symbol":3}},{"reference":{"__symbol":4}},{"reference":{"__symbol":5}},{"reference":{"__symbol":6}},{"reference":{"__symbol":7}},{"reference":{"__symbol":8}},{"reference":{"__symbol":9}},{"reference":{"__symbol":10}},{"reference":{"__symbol":11}},{"reference":{"__symbol":12}}],"providers":[{"provider":{"token":{"identifier":{"reference":{"__symbol":13}}},"useClass":{"reference":{"__symbol":14},"diDeps":[{"isAttribute":false,"isHost":false,"isSelf":false,"isSkipSelf":false,"isOptional":false,"token":{"identifier":{"reference":{"__symbol":15}}}}],"lifecycleHooks":[]},"useFactory":null,"useExisting":null,"deps":[{"isAttribute":false,"isHost":false,"isSelf":false,"isSkipSelf":false,"isOptional":false,"token":{"identifier":{"reference":{"__symbol":15}}}}],"multi":false},"module":{"reference":{"__symbol":16},"diDeps":[],"lifecycleHooks":[]}},{"provider":{"token":{"identifier":{"reference":{"__symbol":17},"diDeps":[],"lifecycleHooks":[]}},"useClass":{"reference":{"__symbol":17},"diDeps":[],"lifecycleHooks":[]},"useFactory":null,"useExisting":null,"deps":[],"multi":false},"module":{"reference":{"__symbol":18},"diDeps":[],"lifecycleHooks":[]}},{"provider":{"token":{"identifier":{"reference":{"__symbol":19},"diDeps":[],"lifecycleHooks":[]}},"useClass":{"reference":{"__symbol":19},"diDeps":[],"lifecycleHooks":[]},"useFactory":null,"useExisting":null,"deps":[],"multi":false},"module":{"reference":{"__symbol":18},"diDeps":[],"lifecycleHooks":[]}},{"provider":{"token":{"identifier":{"reference":{"__symbol":20},"diDeps":[{"isAttribute":false,"isHost":false,"isSelf":false,"isSkipSelf":false,"isOptional":false,"token":{"identifier":{"reference":{"__symbol":21}}}}],"lifecycleHooks":[]}},"useClass":{"reference":{"__symbol":20},"diDeps":[{"isAttribute":false,"isHost":false,"isSelf":false,"isSkipSelf":false,"isOptional":false,"token":{"identifier":{"reference":{"__symbol":21}}}}],"lifecycleHooks":[]},"useFactory":null,"useExisting":null,"deps":[{"isAttribute":false,"isHost":false,"isSelf":false,"isSkipSelf":false,"isOptional":false,"token":{"identifier":{"reference":{"__symbol":21}}}}],"multi":false},"module":{"reference":{"__symbol":0},"diDeps":[],"lifecycleHooks":[]}},{"provider":{"token":{"identifier":{"reference":{"__symbol":21},"diDeps":[{"isAttribute":false,"isHost":false,"isSelf":false,"isSkipSelf":false,"isOptional":false,"token":{"identifier":{"reference":{"__symbol":22}}}}],"lifecycleHooks":[]}},"useClass":{"reference":{"__symbol":21},"diDeps":[{"isAttribute":false,"isHost":false,"isSelf":false,"isSkipSelf":false,"isOptional":false,"token":{"identifier":{"reference":{"__symbol":22}}}}],"lifecycleHooks":[]},"useFactory":null,"useExisting":null,"deps":[{"isAttribute":false,"isHost":false,"isSelf":false,"isSkipSelf":false,"isOptional":false,"token":{"identifier":{"reference":{"__symbol":22}}}}],"multi":false},"module":{"reference":{"__symbol":0},"diDeps":[],"lifecycleHooks":[]}},{"provider":{"token":{"identifier":{"reference":{"__symbol":23},"diDeps":[],"lifecycleHooks":[]}},"useClass":{"reference":{"__symbol":23},"diDeps":[],"lifecycleHooks":[]},"useFactory":null,"useExisting":null,"deps":[],"multi":false},"module":{"reference":{"__symbol":0},"diDeps":[],"lifecycleHooks":[]}},{"provider":{"token":{"identifier":{"reference":{"__symbol":24},"diDeps":[{"isAttribute":false,"isHost":false,"isSelf":false,"isSkipSelf":false,"isOptional":false,"token":{"identifier":{"reference":{"__symbol":22}}}}],"lifecycleHooks":[]}},"useClass":{"reference":{"__symbol":24},"diDeps":[{"isAttribute":false,"isHost":false,"isSelf":false,"isSkipSelf":false,"isOptional":false,"token":{"identifier":{"reference":{"__symbol":22}}}}],"lifecycleHooks":[]},"useFactory":null,"useExisting":null,"deps":[{"isAttribute":false,"isHost":false,"isSelf":false,"isSkipSelf":false,"isOptional":false,"token":{"identifier":{"reference":{"__symbol":22}}}}],"multi":false},"module":{"reference":{"__symbol":0},"diDeps":[],"lifecycleHooks":[]}},{"provider":{"token":{"identifier":{"reference":{"__symbol":22}}},"useClass":null,"useValue":{"types":[{"name":"input","component":{"__symbol":2},"wrappers":["fieldset","label"]},{"name":"checkbox","component":{"__symbol":3},"wrappers":["fieldset"]},{"name":"radio","component":{"__symbol":4},"wrappers":["fieldset","label"]},{"name":"select","component":{"__symbol":5},"wrappers":["fieldset","label"]},{"name":"textarea","component":{"__symbol":6},"wrappers":["fieldset","label"]},{"name":"multicheckbox","component":{"__symbol":7},"wrappers":["fieldset","label"]}],"wrappers":[{"name":"label","component":{"__symbol":8}},{"name":"description","component":{"__symbol":9}},{"name":"validation-message","component":{"__symbol":10}},{"name":"fieldset","component":{"__symbol":11}},{"name":"addons","component":{"__symbol":12}}],"manipulators":[{"class":{"__symbol":25},"method":"run"},{"class":{"__symbol":26},"method":"run"},{"class":{"__symbol":27},"method":"run"}]},"useFactory":null,"useExisting":null,"multi":true},"module":{"reference":{"__symbol":0},"diDeps":[],"lifecycleHooks":[]}}],"modules":[{"reference":{"__symbol":16},"diDeps":[],"lifecycleHooks":[]},{"reference":{"__symbol":28},"diDeps":[],"lifecycleHooks":[]},{"reference":{"__symbol":18},"diDeps":[],"lifecycleHooks":[]},{"reference":{"__symbol":29},"diDeps":[],"lifecycleHooks":[]},{"reference":{"__symbol":0},"diDeps":[],"lifecycleHooks":[]}],"exportedDirectives":[],"exportedPipes":[]}}],"symbols":[{"__symbol":0,"name":"FormlyBootstrapModule","filePath":"/home/abdellatif/www/contrib/ng2-formly/src/ui-bootstrap/ui-bootstrap.module.d.ts"},{"__symbol":1,"name":"FormlyGroup","filePath":"/home/abdellatif/www/contrib/ng2-formly/src/core/components/formly.group.d.ts"},{"__symbol":2,"name":"FormlyFieldInput","filePath":"/home/abdellatif/www/contrib/ng2-formly/src/ui-bootstrap/types/input.d.ts"},{"__symbol":3,"name":"FormlyFieldCheckbox","filePath":"/home/abdellatif/www/contrib/ng2-formly/src/ui-bootstrap/types/checkbox.d.ts"},{"__symbol":4,"name":"FormlyFieldRadio","filePath":"/home/abdellatif/www/contrib/ng2-formly/src/ui-bootstrap/types/radio.d.ts"},{"__symbol":5,"name":"FormlyFieldSelect","filePath":"/home/abdellatif/www/contrib/ng2-formly/src/ui-bootstrap/types/select.d.ts"},{"__symbol":6,"name":"FormlyFieldTextArea","filePath":"/home/abdellatif/www/contrib/ng2-formly/src/ui-bootstrap/types/textarea.d.ts"},{"__symbol":7,"name":"FormlyFieldMultiCheckbox","filePath":"/home/abdellatif/www/contrib/ng2-formly/src/ui-bootstrap/types/multicheckbox.d.ts"},{"__symbol":8,"name":"FormlyWrapperLabel","filePath":"/home/abdellatif/www/contrib/ng2-formly/src/ui-bootstrap/wrappers/label.d.ts"},{"__symbol":9,"name":"FormlyWrapperDescription","filePath":"/home/abdellatif/www/contrib/ng2-formly/src/ui-bootstrap/wrappers/description.d.ts"},{"__symbol":10,"name":"FormlyWrapperValidationMessages","filePath":"/home/abdellatif/www/contrib/ng2-formly/src/ui-bootstrap/wrappers/message-validation.d.ts"},{"__symbol":11,"name":"FormlyWrapperFieldset","filePath":"/home/abdellatif/www/contrib/ng2-formly/src/ui-bootstrap/wrappers/fieldset.d.ts"},{"__symbol":12,"name":"FormlyWrapperAddons","filePath":"/home/abdellatif/www/contrib/ng2-formly/src/ui-bootstrap/wrappers/addons.d.ts"},{"__symbol":13,"name":"NgLocalization","filePath":"/home/abdellatif/www/contrib/ng2-formly/node_modules/@angular/common/src/localization.d.ts"},{"__symbol":14,"name":"NgLocaleLocalization","filePath":"/home/abdellatif/www/contrib/ng2-formly/node_modules/@angular/common/src/localization.d.ts"},{"__symbol":15,"name":"LOCALE_ID","filePath":"/home/abdellatif/www/contrib/ng2-formly/node_modules/@angular/core/src/i18n/tokens.d.ts"},{"__symbol":16,"name":"CommonModule","filePath":"/home/abdellatif/www/contrib/ng2-formly/node_modules/@angular/common/src/common_module.d.ts"},{"__symbol":17,"name":"FormBuilder","filePath":"/home/abdellatif/www/contrib/ng2-formly/node_modules/@angular/forms/src/form_builder.d.ts"},{"__symbol":18,"name":"ReactiveFormsModule","filePath":"/home/abdellatif/www/contrib/ng2-formly/node_modules/@angular/forms/src/form_providers.d.ts"},{"__symbol":19,"name":"RadioControlRegistry","filePath":"/home/abdellatif/www/contrib/ng2-formly/node_modules/@angular/forms/src/directives/radio_control_value_accessor.d.ts"},{"__symbol":20,"name":"FormlyFormBuilder","filePath":"/home/abdellatif/www/contrib/ng2-formly/src/core/services/formly.form.builder.d.ts"},{"__symbol":21,"name":"FormlyConfig","filePath":"/home/abdellatif/www/contrib/ng2-formly/src/core/services/formly.config.d.ts"},{"__symbol":22,"name":"FORMLY_CONFIG_TOKEN","filePath":"/home/abdellatif/www/contrib/ng2-formly/src/core/services/formly.config.d.ts"},{"__symbol":23,"name":"FormlyPubSub","filePath":"/home/abdellatif/www/contrib/ng2-formly/src/core/services/formly.event.emitter.d.ts"},{"__symbol":24,"name":"FormlyValidationMessages","filePath":"/home/abdellatif/www/contrib/ng2-formly/src/core/services/formly.validation-messages.d.ts"},{"__symbol":25,"name":"TemplateDescription","filePath":"/home/abdellatif/www/contrib/ng2-formly/src/ui-bootstrap/run/description.d.ts"},{"__symbol":26,"name":"TemplateValidation","filePath":"/home/abdellatif/www/contrib/ng2-formly/src/ui-bootstrap/run/validation.d.ts"},{"__symbol":27,"name":"TemplateAddons","filePath":"/home/abdellatif/www/contrib/ng2-formly/src/ui-bootstrap/run/addon.d.ts"},{"__symbol":28,"name":"InternalFormsSharedModule","filePath":"/home/abdellatif/www/contrib/ng2-formly/node_modules/@angular/forms/src/directives.d.ts"},{"__symbol":29,"name":"FormlyModule","filePath":"/home/abdellatif/www/contrib/ng2-formly/src/core/core.module.d.ts"}]}