[{"__symbolic":"module","version":3,"metadata":{"FIELD_TYPE_COMPONENTS":[{"__symbolic":"reference","module":"./types/types","name":"FormlyFieldInput"},{"__symbolic":"reference","module":"./types/types","name":"FormlyFieldCheckbox"},{"__symbolic":"reference","module":"./types/types","name":"FormlyFieldRadio"},{"__symbolic":"reference","module":"./types/types","name":"FormlyFieldSelect"},{"__symbolic":"reference","module":"./types/types","name":"FormlyFieldTextArea"},{"__symbolic":"reference","module":"./types/types","name":"FormlyFieldMultiCheckbox"},{"__symbolic":"reference","module":"./wrappers/wrappers","name":"FormlyWrapperLabel"},{"__symbolic":"reference","module":"./wrappers/wrappers","name":"FormlyWrapperDescription"},{"__symbolic":"reference","module":"./wrappers/wrappers","name":"FormlyWrapperValidationMessages"},{"__symbolic":"reference","module":"./wrappers/wrappers","name":"FormlyWrapperFieldset"},{"__symbolic":"reference","module":"./wrappers/addons","name":"FormlyWrapperAddons"}],"BOOTSTRAP_FORMLY_CONFIG":{"types":[{"name":"input","component":{"__symbolic":"reference","module":"./types/types","name":"FormlyFieldInput"},"wrappers":["fieldset","label"]},{"name":"checkbox","component":{"__symbolic":"reference","module":"./types/types","name":"FormlyFieldCheckbox"},"wrappers":["fieldset"]},{"name":"radio","component":{"__symbolic":"reference","module":"./types/types","name":"FormlyFieldRadio"},"wrappers":["fieldset","label"]},{"name":"select","component":{"__symbolic":"reference","module":"./types/types","name":"FormlyFieldSelect"},"wrappers":["fieldset","label"]},{"name":"textarea","component":{"__symbolic":"reference","module":"./types/types","name":"FormlyFieldTextArea"},"wrappers":["fieldset","label"]},{"name":"multicheckbox","component":{"__symbolic":"reference","module":"./types/types","name":"FormlyFieldMultiCheckbox"},"wrappers":["fieldset","label"]}],"wrappers":[{"name":"label","component":{"__symbolic":"reference","module":"./wrappers/wrappers","name":"FormlyWrapperLabel"}},{"name":"description","component":{"__symbolic":"reference","module":"./wrappers/wrappers","name":"FormlyWrapperDescription"}},{"name":"validation-message","component":{"__symbolic":"reference","module":"./wrappers/wrappers","name":"FormlyWrapperValidationMessages"}},{"name":"fieldset","component":{"__symbolic":"reference","module":"./wrappers/wrappers","name":"FormlyWrapperFieldset"}},{"name":"addons","component":{"__symbolic":"reference","module":"./wrappers/addons","name":"FormlyWrapperAddons"}}],"manipulators":[{"class":{"__symbolic":"reference","module":"./run/description","name":"TemplateDescription"},"method":"run"},{"class":{"__symbolic":"reference","module":"./run/validation","name":"TemplateValidation"},"method":"run"},{"class":{"__symbolic":"reference","module":"./run/addon","name":"TemplateAddons"},"method":"run"}]}}},{"__symbolic":"module","version":1,"metadata":{"FIELD_TYPE_COMPONENTS":[{"__symbolic":"reference","module":"./types/types","name":"FormlyFieldInput"},{"__symbolic":"reference","module":"./types/types","name":"FormlyFieldCheckbox"},{"__symbolic":"reference","module":"./types/types","name":"FormlyFieldRadio"},{"__symbolic":"reference","module":"./types/types","name":"FormlyFieldSelect"},{"__symbolic":"reference","module":"./types/types","name":"FormlyFieldTextArea"},{"__symbolic":"reference","module":"./types/types","name":"FormlyFieldMultiCheckbox"},{"__symbolic":"reference","module":"./wrappers/wrappers","name":"FormlyWrapperLabel"},{"__symbolic":"reference","module":"./wrappers/wrappers","name":"FormlyWrapperDescription"},{"__symbolic":"reference","module":"./wrappers/wrappers","name":"FormlyWrapperValidationMessages"},{"__symbolic":"reference","module":"./wrappers/wrappers","name":"FormlyWrapperFieldset"},{"__symbolic":"reference","module":"./wrappers/addons","name":"FormlyWrapperAddons"}],"BOOTSTRAP_FORMLY_CONFIG":{"types":[{"name":"input","component":{"__symbolic":"reference","module":"./types/types","name":"FormlyFieldInput"},"wrappers":["fieldset","label"]},{"name":"checkbox","component":{"__symbolic":"reference","module":"./types/types","name":"FormlyFieldCheckbox"},"wrappers":["fieldset"]},{"name":"radio","component":{"__symbolic":"reference","module":"./types/types","name":"FormlyFieldRadio"},"wrappers":["fieldset","label"]},{"name":"select","component":{"__symbolic":"reference","module":"./types/types","name":"FormlyFieldSelect"},"wrappers":["fieldset","label"]},{"name":"textarea","component":{"__symbolic":"reference","module":"./types/types","name":"FormlyFieldTextArea"},"wrappers":["fieldset","label"]},{"name":"multicheckbox","component":{"__symbolic":"reference","module":"./types/types","name":"FormlyFieldMultiCheckbox"},"wrappers":["fieldset","label"]}],"wrappers":[{"name":"label","component":{"__symbolic":"reference","module":"./wrappers/wrappers","name":"FormlyWrapperLabel"}},{"name":"description","component":{"__symbolic":"reference","module":"./wrappers/wrappers","name":"FormlyWrapperDescription"}},{"name":"validation-message","component":{"__symbolic":"reference","module":"./wrappers/wrappers","name":"FormlyWrapperValidationMessages"}},{"name":"fieldset","component":{"__symbolic":"reference","module":"./wrappers/wrappers","name":"FormlyWrapperFieldset"}},{"name":"addons","component":{"__symbolic":"reference","module":"./wrappers/addons","name":"FormlyWrapperAddons"}}],"manipulators":[{"class":{"__symbolic":"reference","module":"./run/description","name":"TemplateDescription"},"method":"run"},{"class":{"__symbolic":"reference","module":"./run/validation","name":"TemplateValidation"},"method":"run"},{"class":{"__symbolic":"reference","module":"./run/addon","name":"TemplateAddons"},"method":"run"}]}}}]