[{"__symbolic":"module","version":3,"metadata":{"FormlyBootstrapModule":{"__symbolic":"class","decorators":[{"__symbolic":"call","expression":{"__symbolic":"reference","module":"@angular/core","name":"NgModule"},"arguments":[{"declarations":[{"__symbolic":"spread","expression":{"__symbolic":"reference","module":"./ui-bootstrap.config","name":"FIELD_TYPE_COMPONENTS"}},{"__symbolic":"reference","module":"./formly.validation-message","name":"FormlyValidationMessage"}],"imports":[{"__symbolic":"reference","module":"@angular/common","name":"CommonModule"},{"__symbolic":"reference","module":"@angular/forms","name":"ReactiveFormsModule"},{"__symbolic":"call","expression":{"__symbolic":"select","expression":{"__symbolic":"reference","module":"../core","name":"FormlyModule"},"member":"forRoot"},"arguments":[{"__symbolic":"reference","module":"./ui-bootstrap.config","name":"BOOTSTRAP_FORMLY_CONFIG"}]}]}]}]}}},{"__symbolic":"module","version":1,"metadata":{"FormlyBootstrapModule":{"__symbolic":"class","decorators":[{"__symbolic":"call","expression":{"__symbolic":"reference","module":"@angular/core","name":"NgModule"},"arguments":[{"declarations":[{"__symbolic":"spread","expression":{"__symbolic":"reference","module":"./ui-bootstrap.config","name":"FIELD_TYPE_COMPONENTS"}},{"__symbolic":"reference","module":"./formly.validation-message","name":"FormlyValidationMessage"}],"imports":[{"__symbolic":"reference","module":"@angular/common","name":"CommonModule"},{"__symbolic":"reference","module":"@angular/forms","name":"ReactiveFormsModule"},{"__symbolic":"call","expression":{"__symbolic":"select","expression":{"__symbolic":"reference","module":"../core","name":"FormlyModule"},"member":"forRoot"},"arguments":[{"__symbolic":"reference","module":"./ui-bootstrap.config","name":"BOOTSTRAP_FORMLY_CONFIG"}]}]}]}]}}}]