{"summaries":[{"symbol":{"__symbol":0},"metadata":[{"__symbol":1},{"__symbol":2},{"__symbol":3},{"__symbol":4},{"__symbol":5},{"__symbol":6},{"__symbol":7},{"__symbol":8},{"__symbol":9},{"__symbol":10},{"__symbol":11}]},{"symbol":{"__symbol":12},"metadata":{"types":[{"name":"input","component":{"__symbol":1},"wrappers":["fieldset","label"]},{"name":"checkbox","component":{"__symbol":2},"wrappers":["fieldset"]},{"name":"radio","component":{"__symbol":3},"wrappers":["fieldset","label"]},{"name":"select","component":{"__symbol":4},"wrappers":["fieldset","label"]},{"name":"textarea","component":{"__symbol":5},"wrappers":["fieldset","label"]},{"name":"multicheckbox","component":{"__symbol":6},"wrappers":["fieldset","label"]}],"wrappers":[{"name":"label","component":{"__symbol":7}},{"name":"description","component":{"__symbol":8}},{"name":"validation-message","component":{"__symbol":9}},{"name":"fieldset","component":{"__symbol":10}},{"name":"addons","component":{"__symbol":11}}],"manipulators":[{"class":{"__symbol":13},"method":"run"},{"class":{"__symbol":14},"method":"run"},{"class":{"__symbol":15},"method":"run"}]}}],"symbols":[{"__symbol":0,"name":"FIELD_TYPE_COMPONENTS","filePath":"/home/abdellatif/www/contrib/ng2-formly/src/ui-bootstrap/ui-bootstrap.config.d.ts"},{"__symbol":1,"name":"FormlyFieldInput","filePath":"/home/abdellatif/www/contrib/ng2-formly/src/ui-bootstrap/types/types.d.ts"},{"__symbol":2,"name":"FormlyFieldCheckbox","filePath":"/home/abdellatif/www/contrib/ng2-formly/src/ui-bootstrap/types/types.d.ts"},{"__symbol":3,"name":"FormlyFieldRadio","filePath":"/home/abdellatif/www/contrib/ng2-formly/src/ui-bootstrap/types/types.d.ts"},{"__symbol":4,"name":"FormlyFieldSelect","filePath":"/home/abdellatif/www/contrib/ng2-formly/src/ui-bootstrap/types/types.d.ts"},{"__symbol":5,"name":"FormlyFieldTextArea","filePath":"/home/abdellatif/www/contrib/ng2-formly/src/ui-bootstrap/types/types.d.ts"},{"__symbol":6,"name":"FormlyFieldMultiCheckbox","filePath":"/home/abdellatif/www/contrib/ng2-formly/src/ui-bootstrap/types/types.d.ts"},{"__symbol":7,"name":"FormlyWrapperLabel","filePath":"/home/abdellatif/www/contrib/ng2-formly/src/ui-bootstrap/wrappers/wrappers.d.ts"},{"__symbol":8,"name":"FormlyWrapperDescription","filePath":"/home/abdellatif/www/contrib/ng2-formly/src/ui-bootstrap/wrappers/wrappers.d.ts"},{"__symbol":9,"name":"FormlyWrapperValidationMessages","filePath":"/home/abdellatif/www/contrib/ng2-formly/src/ui-bootstrap/wrappers/wrappers.d.ts"},{"__symbol":10,"name":"FormlyWrapperFieldset","filePath":"/home/abdellatif/www/contrib/ng2-formly/src/ui-bootstrap/wrappers/wrappers.d.ts"},{"__symbol":11,"name":"FormlyWrapperAddons","filePath":"/home/abdellatif/www/contrib/ng2-formly/src/ui-bootstrap/wrappers/addons.d.ts"},{"__symbol":12,"name":"BOOTSTRAP_FORMLY_CONFIG","filePath":"/home/abdellatif/www/contrib/ng2-formly/src/ui-bootstrap/ui-bootstrap.config.d.ts"},{"__symbol":13,"name":"TemplateDescription","filePath":"/home/abdellatif/www/contrib/ng2-formly/src/ui-bootstrap/run/description.d.ts"},{"__symbol":14,"name":"TemplateValidation","filePath":"/home/abdellatif/www/contrib/ng2-formly/src/ui-bootstrap/run/validation.d.ts"},{"__symbol":15,"name":"TemplateAddons","filePath":"/home/abdellatif/www/contrib/ng2-formly/src/ui-bootstrap/run/addon.d.ts"}]}