{"summaries":[{"symbol":{"__symbol":0},"metadata":{"__symbolic":"new","expression":{"__symbol":1},"arguments":["FORMLY_CONFIG_TOKEN"]}},{"symbol":{"__symbol":2},"metadata":{"__symbolic":"class"},"type":{"summaryKind":3,"type":{"reference":{"__symbol":2},"diDeps":[{"isAttribute":false,"isHost":false,"isSelf":false,"isSkipSelf":false,"isOptional":false,"token":{"identifier":{"reference":{"__symbol":0}}}}],"lifecycleHooks":[]}}}],"symbols":[{"__symbol":0,"name":"FORMLY_CONFIG_TOKEN","filePath":"/home/abdellatif/www/contrib/ng2-formly/src/core/services/formly.config.d.ts"},{"__symbol":1,"name":"OpaqueToken","filePath":"/home/abdellatif/www/contrib/ng2-formly/node_modules/@angular/core/index.d.ts"},{"__symbol":2,"name":"FormlyConfig","filePath":"/home/abdellatif/www/contrib/ng2-formly/src/core/services/formly.config.d.ts"}]}