[{"__symbolic":"module","version":3,"metadata":{"FORMLY_CONFIG_TOKEN":{"__symbolic":"new","expression":{"__symbolic":"reference","module":"@angular/core","name":"OpaqueToken"},"arguments":["FORMLY_CONFIG_TOKEN"]},"FormlyConfig":{"__symbolic":"class","decorators":[{"__symbolic":"call","expression":{"__symbolic":"reference","module":"@angular/core","name":"Injectable"}}],"members":{"__ctor__":[{"__symbolic":"constructor","parameterDecorators":[[{"__symbolic":"call","expression":{"__symbolic":"reference","module":"@angular/core","name":"Inject"},"arguments":[{"__symbolic":"reference","name":"FORMLY_CONFIG_TOKEN"}]}]],"parameters":[{"__symbolic":"reference","name":"Array","arguments":[{"__symbolic":"error","message":"Could not resolve type","line":34,"character":52,"context":{"typeName":"ConfigOption"}}]}]}],"addConfig":[{"__symbolic":"method"}],"setType":[{"__symbolic":"method"}],"getType":[{"__symbolic":"method"}],"getMergedField":[{"__symbolic":"method"}],"setWrapper":[{"__symbolic":"method"}],"getWrapper":[{"__symbolic":"method"}],"setTypeWrapper":[{"__symbolic":"method"}],"setValidator":[{"__symbolic":"method"}],"getValidator":[{"__symbolic":"method"}],"setManipulator":[{"__symbolic":"method"}]}}}},{"__symbolic":"module","version":1,"metadata":{"FORMLY_CONFIG_TOKEN":{"__symbolic":"new","expression":{"__symbolic":"reference","module":"@angular/core","name":"OpaqueToken"},"arguments":["FORMLY_CONFIG_TOKEN"]},"FormlyConfig":{"__symbolic":"class","decorators":[{"__symbolic":"call","expression":{"__symbolic":"reference","module":"@angular/core","name":"Injectable"}}],"members":{"__ctor__":[{"__symbolic":"constructor","parameterDecorators":[[{"__symbolic":"call","expression":{"__symbolic":"reference","module":"@angular/core","name":"Inject"},"arguments":[{"__symbolic":"reference","name":"FORMLY_CONFIG_TOKEN"}]}]],"parameters":[{"__symbolic":"reference","name":"Array","arguments":[{"__symbolic":"error","message":"Could not resolve type","line":34,"character":52,"context":{"typeName":"ConfigOption"}}]}]}],"addConfig":[{"__symbolic":"method"}],"setType":[{"__symbolic":"method"}],"getType":[{"__symbolic":"method"}],"getMergedField":[{"__symbolic":"method"}],"setWrapper":[{"__symbolic":"method"}],"getWrapper":[{"__symbolic":"method"}],"setTypeWrapper":[{"__symbolic":"method"}],"setValidator":[{"__symbolic":"method"}],"getValidator":[{"__symbolic":"method"}],"setManipulator":[{"__symbolic":"method"}]}}}}]