{"summaries":[{"symbol":{"__symbol":0},"metadata":{"__symbolic":"class"}},{"symbol":{"__symbol":1},"metadata":{"__symbolic":"class"}},{"symbol":{"__symbol":2},"metadata":{"__symbolic":"class"}}],"symbols":[{"__symbol":0,"name":"FormlyValueChangeEvent","filePath":"/home/abdellatif/www/contrib/ng2-formly/src/core/services/formly.event.emitter.d.ts"},{"__symbol":1,"name":"FormlyEventEmitter","filePath":"/home/abdellatif/www/contrib/ng2-formly/src/core/services/formly.event.emitter.d.ts"},{"__symbol":2,"name":"FormlyPubSub","filePath":"/home/abdellatif/www/contrib/ng2-formly/src/core/services/formly.event.emitter.d.ts"}]}