[{"__symbolic":"module","version":3,"metadata":{"FormlyFormBuilder":{"__symbolic":"class","decorators":[{"__symbolic":"call","expression":{"__symbolic":"reference","module":"@angular/core","name":"Injectable"}}],"members":{"__ctor__":[{"__symbolic":"constructor","parameters":[{"__symbolic":"reference","module":"./formly.config","name":"FormlyConfig"}]}],"buildForm":[{"__symbolic":"method"}],"registerFormControls":[{"__symbolic":"method"}],"initFieldExpression":[{"__symbolic":"method"}],"initFieldTemplateOptions":[{"__symbolic":"method"}],"initFieldAsyncValidation":[{"__symbolic":"method"}],"initFieldValidation":[{"__symbolic":"method"}],"addFormControl":[{"__symbolic":"method"}],"getValidation":[{"__symbolic":"method"}],"checkMinMax":[{"__symbolic":"method"}],"addControl":[{"__symbolic":"method"}]}}}},{"__symbolic":"module","version":1,"metadata":{"FormlyFormBuilder":{"__symbolic":"class","decorators":[{"__symbolic":"call","expression":{"__symbolic":"reference","module":"@angular/core","name":"Injectable"}}],"members":{"__ctor__":[{"__symbolic":"constructor","parameters":[{"__symbolic":"reference","module":"./formly.config","name":"FormlyConfig"}]}],"buildForm":[{"__symbolic":"method"}],"registerFormControls":[{"__symbolic":"method"}],"initFieldExpression":[{"__symbolic":"method"}],"initFieldTemplateOptions":[{"__symbolic":"method"}],"initFieldAsyncValidation":[{"__symbolic":"method"}],"initFieldValidation":[{"__symbolic":"method"}],"addFormControl":[{"__symbolic":"method"}],"getValidation":[{"__symbolic":"method"}],"checkMinMax":[{"__symbolic":"method"}],"addControl":[{"__symbolic":"method"}]}}}}]