[{"__symbolic":"module","version":3,"metadata":{"FormlyValueChangeEvent":{"__symbolic":"class","members":{"__ctor__":[{"__symbolic":"constructor","parameters":[{"__symbolic":"reference","name":"string"},{"__symbolic":"reference","name":"any"}]}]}},"FormlyEventEmitter":{"__symbolic":"class","extends":{"__symbolic":"reference","module":"rxjs/Subject","name":"Subject"},"members":{"emit":[{"__symbolic":"method"}]}},"FormlyPubSub":{"__symbolic":"class","members":{"setEmitter":[{"__symbolic":"method"}],"getEmitter":[{"__symbolic":"method"}],"removeEmitter":[{"__symbolic":"method"}]}}}},{"__symbolic":"module","version":1,"metadata":{"FormlyValueChangeEvent":{"__symbolic":"class","members":{"__ctor__":[{"__symbolic":"constructor","parameters":[{"__symbolic":"reference","name":"string"},{"__symbolic":"reference","name":"any"}]}]}},"FormlyEventEmitter":{"__symbolic":"class","extends":{"__symbolic":"reference","module":"rxjs/Subject","name":"Subject"},"members":{"emit":[{"__symbolic":"method"}]}},"FormlyPubSub":{"__symbolic":"class","members":{"setEmitter":[{"__symbolic":"method"}],"getEmitter":[{"__symbolic":"method"}],"removeEmitter":[{"__symbolic":"method"}]}}}}]