{"summaries":[{"symbol":{"__symbol":0},"metadata":{"__symbolic":"class"},"type":{"summaryKind":3,"type":{"reference":{"__symbol":0},"diDeps":[{"isAttribute":false,"isHost":false,"isSelf":false,"isSkipSelf":false,"isOptional":false,"token":{"identifier":{"reference":{"__symbol":1}}}}],"lifecycleHooks":[]}}}],"symbols":[{"__symbol":0,"name":"FormlyFormBuilder","filePath":"/home/abdellatif/www/contrib/ng2-formly/src/core/services/formly.form.builder.d.ts"},{"__symbol":1,"name":"FormlyConfig","filePath":"/home/abdellatif/www/contrib/ng2-formly/src/core/services/formly.config.d.ts"}]}