{"summaries":[{"symbol":{"__symbol":0},"metadata":{"__symbol":1}},{"symbol":{"__symbol":2},"metadata":{"__symbol":3}},{"symbol":{"__symbol":4},"metadata":{"__symbol":5}},{"symbol":{"__symbol":6},"metadata":{"__symbol":7}},{"symbol":{"__symbol":8},"metadata":{"__symbol":9}},{"symbol":{"__symbol":10},"metadata":{"__symbol":11}},{"symbol":{"__symbol":12},"metadata":{"__symbol":13}},{"symbol":{"__symbol":14},"metadata":{"__symbol":15}},{"symbol":{"__symbol":16},"metadata":{"__symbol":17}},{"symbol":{"__symbol":18},"metadata":{"__symbol":19}},{"symbol":{"__symbol":20},"metadata":{"__symbol":21}},{"symbol":{"__symbol":22},"metadata":{"__symbol":23}},{"symbol":{"__symbol":24},"metadata":{"__symbol":25}},{"symbol":{"__symbol":26},"metadata":{"__symbol":27}},{"symbol":{"__symbol":28},"metadata":{"__symbol":29}},{"symbol":{"__symbol":30},"metadata":{"__symbol":31}},{"symbol":{"__symbol":32},"metadata":{"__symbol":33}},{"symbol":{"__symbol":34},"metadata":{"__symbol":35}},{"symbol":{"__symbol":36},"metadata":{"__symbol":37}},{"symbol":{"__symbol":38},"metadata":{"__symbol":39}},{"symbol":{"__symbol":40},"metadata":{"__symbol":41}},{"symbol":{"__symbol":42},"metadata":{"__symbol":43}},{"symbol":{"__symbol":44},"metadata":{"__symbol":45}},{"symbol":{"__symbol":46},"metadata":{"__symbol":47}},{"symbol":{"__symbol":48},"metadata":{"__symbol":49}},{"symbol":{"__symbol":50},"metadata":{"__symbol":51}}],"symbols":[{"__symbol":0,"name":"FormlyForm","filePath":"/home/abdellatif/www/contrib/ng2-formly/src/index.d.ts"},{"__symbol":1,"name":"FormlyForm","filePath":"/home/abdellatif/www/contrib/ng2-formly/src/core/index.d.ts"},{"__symbol":2,"name":"FormlyFieldConfig","filePath":"/home/abdellatif/www/contrib/ng2-formly/src/index.d.ts"},{"__symbol":3,"name":"FormlyFieldConfig","filePath":"/home/abdellatif/www/contrib/ng2-formly/src/core/index.d.ts"},{"__symbol":4,"name":"FormlyField","filePath":"/home/abdellatif/www/contrib/ng2-formly/src/index.d.ts"},{"__symbol":5,"name":"FormlyField","filePath":"/home/abdellatif/www/contrib/ng2-formly/src/core/index.d.ts"},{"__symbol":6,"name":"FormlyAttributes","filePath":"/home/abdellatif/www/contrib/ng2-formly/src/index.d.ts"},{"__symbol":7,"name":"FormlyAttributes","filePath":"/home/abdellatif/www/contrib/ng2-formly/src/core/index.d.ts"},{"__symbol":8,"name":"FormlyConfig","filePath":"/home/abdellatif/www/contrib/ng2-formly/src/index.d.ts"},{"__symbol":9,"name":"FormlyConfig","filePath":"/home/abdellatif/www/contrib/ng2-formly/src/core/index.d.ts"},{"__symbol":10,"name":"ConfigOption","filePath":"/home/abdellatif/www/contrib/ng2-formly/src/index.d.ts"},{"__symbol":11,"name":"ConfigOption","filePath":"/home/abdellatif/www/contrib/ng2-formly/src/core/index.d.ts"},{"__symbol":12,"name":"FormlyFormBuilder","filePath":"/home/abdellatif/www/contrib/ng2-formly/src/index.d.ts"},{"__symbol":13,"name":"FormlyFormBuilder","filePath":"/home/abdellatif/www/contrib/ng2-formly/src/core/index.d.ts"},{"__symbol":14,"name":"FormlyValidationMessages","filePath":"/home/abdellatif/www/contrib/ng2-formly/src/index.d.ts"},{"__symbol":15,"name":"FormlyValidationMessages","filePath":"/home/abdellatif/www/contrib/ng2-formly/src/core/index.d.ts"},{"__symbol":16,"name":"FormlyPubSub","filePath":"/home/abdellatif/www/contrib/ng2-formly/src/index.d.ts"},{"__symbol":17,"name":"FormlyPubSub","filePath":"/home/abdellatif/www/contrib/ng2-formly/src/core/index.d.ts"},{"__symbol":18,"name":"FormlyEventEmitter","filePath":"/home/abdellatif/www/contrib/ng2-formly/src/index.d.ts"},{"__symbol":19,"name":"FormlyEventEmitter","filePath":"/home/abdellatif/www/contrib/ng2-formly/src/core/index.d.ts"},{"__symbol":20,"name":"Field","filePath":"/home/abdellatif/www/contrib/ng2-formly/src/index.d.ts"},{"__symbol":21,"name":"Field","filePath":"/home/abdellatif/www/contrib/ng2-formly/src/core/index.d.ts"},{"__symbol":22,"name":"FieldType","filePath":"/home/abdellatif/www/contrib/ng2-formly/src/index.d.ts"},{"__symbol":23,"name":"FieldType","filePath":"/home/abdellatif/www/contrib/ng2-formly/src/core/index.d.ts"},{"__symbol":24,"name":"FieldWrapper","filePath":"/home/abdellatif/www/contrib/ng2-formly/src/index.d.ts"},{"__symbol":25,"name":"FieldWrapper","filePath":"/home/abdellatif/www/contrib/ng2-formly/src/core/index.d.ts"},{"__symbol":26,"name":"FormlyModule","filePath":"/home/abdellatif/www/contrib/ng2-formly/src/index.d.ts"},{"__symbol":27,"name":"FormlyModule","filePath":"/home/abdellatif/www/contrib/ng2-formly/src/core/index.d.ts"},{"__symbol":28,"name":"FormlyFieldCheckbox","filePath":"/home/abdellatif/www/contrib/ng2-formly/src/index.d.ts"},{"__symbol":29,"name":"FormlyFieldCheckbox","filePath":"/home/abdellatif/www/contrib/ng2-formly/src/ui-bootstrap/index.d.ts"},{"__symbol":30,"name":"FormlyFieldMultiCheckbox","filePath":"/home/abdellatif/www/contrib/ng2-formly/src/index.d.ts"},{"__symbol":31,"name":"FormlyFieldMultiCheckbox","filePath":"/home/abdellatif/www/contrib/ng2-formly/src/ui-bootstrap/index.d.ts"},{"__symbol":32,"name":"FormlyFieldInput","filePath":"/home/abdellatif/www/contrib/ng2-formly/src/index.d.ts"},{"__symbol":33,"name":"FormlyFieldInput","filePath":"/home/abdellatif/www/contrib/ng2-formly/src/ui-bootstrap/index.d.ts"},{"__symbol":34,"name":"FormlyFieldRadio","filePath":"/home/abdellatif/www/contrib/ng2-formly/src/index.d.ts"},{"__symbol":35,"name":"FormlyFieldRadio","filePath":"/home/abdellatif/www/contrib/ng2-formly/src/ui-bootstrap/index.d.ts"},{"__symbol":36,"name":"FormlyFieldTextArea","filePath":"/home/abdellatif/www/contrib/ng2-formly/src/index.d.ts"},{"__symbol":37,"name":"FormlyFieldTextArea","filePath":"/home/abdellatif/www/contrib/ng2-formly/src/ui-bootstrap/index.d.ts"},{"__symbol":38,"name":"FormlyFieldSelect","filePath":"/home/abdellatif/www/contrib/ng2-formly/src/index.d.ts"},{"__symbol":39,"name":"FormlyFieldSelect","filePath":"/home/abdellatif/www/contrib/ng2-formly/src/ui-bootstrap/index.d.ts"},{"__symbol":40,"name":"FormlyWrapperFieldset","filePath":"/home/abdellatif/www/contrib/ng2-formly/src/index.d.ts"},{"__symbol":41,"name":"FormlyWrapperFieldset","filePath":"/home/abdellatif/www/contrib/ng2-formly/src/ui-bootstrap/index.d.ts"},{"__symbol":42,"name":"FormlyWrapperLabel","filePath":"/home/abdellatif/www/contrib/ng2-formly/src/index.d.ts"},{"__symbol":43,"name":"FormlyWrapperLabel","filePath":"/home/abdellatif/www/contrib/ng2-formly/src/ui-bootstrap/index.d.ts"},{"__symbol":44,"name":"FormlyWrapperDescription","filePath":"/home/abdellatif/www/contrib/ng2-formly/src/index.d.ts"},{"__symbol":45,"name":"FormlyWrapperDescription","filePath":"/home/abdellatif/www/contrib/ng2-formly/src/ui-bootstrap/index.d.ts"},{"__symbol":46,"name":"FormlyWrapperValidationMessages","filePath":"/home/abdellatif/www/contrib/ng2-formly/src/index.d.ts"},{"__symbol":47,"name":"FormlyWrapperValidationMessages","filePath":"/home/abdellatif/www/contrib/ng2-formly/src/ui-bootstrap/index.d.ts"},{"__symbol":48,"name":"FormlyValidationMessage","filePath":"/home/abdellatif/www/contrib/ng2-formly/src/index.d.ts"},{"__symbol":49,"name":"FormlyValidationMessage","filePath":"/home/abdellatif/www/contrib/ng2-formly/src/ui-bootstrap/index.d.ts"},{"__symbol":50,"name":"FormlyBootstrapModule","filePath":"/home/abdellatif/www/contrib/ng2-formly/src/index.d.ts"},{"__symbol":51,"name":"FormlyBootstrapModule","filePath":"/home/abdellatif/www/contrib/ng2-formly/src/ui-bootstrap/index.d.ts"}]}