[{"__symbolic":"module","version":3,"metadata":{"FormlyFieldCheckbox":{"__symbolic":"class","extends":{"__symbolic":"reference","module":"../../core","name":"FieldType"},"decorators":[{"__symbolic":"call","expression":{"__symbolic":"reference","module":"@angular/core","name":"Component"},"arguments":[{"selector":"formly-field-checkbox","template":"\n    <label class=\"custom-control custom-checkbox\">\n      <input type=\"checkbox\" [formControl]=\"formControl\"\n        *ngIf=\"!to.hidden\" value=\"on\"\n        [formlyAttributes]=\"field\" class=\"custom-control-input\">\n        {{to.label}}\n        <span class=\"custom-control-indicator\"></span>\n    </label>\n  "}]}],"statics":{"createControl":{"__symbolic":"function","parameters":["model","field"],"value":{"__symbolic":"new","expression":{"__symbolic":"reference","module":"@angular/forms","name":"FormControl"},"arguments":[{"value":{"__symbolic":"if","condition":{"__symbolic":"reference","name":"model"},"thenExpression":"on","elseExpression":{"__symbolic":"reference","name":"undefined"}},"disabled":{"__symbolic":"select","expression":{"__symbolic":"select","expression":{"__symbolic":"reference","name":"field"},"member":"templateOptions"},"member":"disabled"}},{"__symbolic":"if","condition":{"__symbolic":"select","expression":{"__symbolic":"reference","name":"field"},"member":"validators"},"thenExpression":{"__symbolic":"select","expression":{"__symbolic":"select","expression":{"__symbolic":"reference","name":"field"},"member":"validators"},"member":"validation"},"elseExpression":{"__symbolic":"reference","name":"undefined"}},{"__symbolic":"if","condition":{"__symbolic":"select","expression":{"__symbolic":"reference","name":"field"},"member":"asyncValidators"},"thenExpression":{"__symbolic":"select","expression":{"__symbolic":"select","expression":{"__symbolic":"reference","name":"field"},"member":"asyncValidators"},"member":"validation"},"elseExpression":{"__symbolic":"reference","name":"undefined"}}]}}}}}},{"__symbolic":"module","version":1,"metadata":{"FormlyFieldCheckbox":{"__symbolic":"class","extends":{"__symbolic":"reference","module":"../../core","name":"FieldType"},"decorators":[{"__symbolic":"call","expression":{"__symbolic":"reference","module":"@angular/core","name":"Component"},"arguments":[{"selector":"formly-field-checkbox","template":"\n    <label class=\"custom-control custom-checkbox\">\n      <input type=\"checkbox\" [formControl]=\"formControl\"\n        *ngIf=\"!to.hidden\" value=\"on\"\n        [formlyAttributes]=\"field\" class=\"custom-control-input\">\n        {{to.label}}\n        <span class=\"custom-control-indicator\"></span>\n    </label>\n  "}]}],"statics":{"createControl":{"__symbolic":"function","parameters":["model","field"],"value":{"__symbolic":"new","expression":{"__symbolic":"reference","module":"@angular/forms","name":"FormControl"},"arguments":[{"value":{"__symbolic":"if","condition":{"__symbolic":"reference","name":"model"},"thenExpression":"on","elseExpression":{"__symbolic":"reference","name":"undefined"}},"disabled":{"__symbolic":"select","expression":{"__symbolic":"select","expression":{"__symbolic":"reference","name":"field"},"member":"templateOptions"},"member":"disabled"}},{"__symbolic":"if","condition":{"__symbolic":"select","expression":{"__symbolic":"reference","name":"field"},"member":"validators"},"thenExpression":{"__symbolic":"select","expression":{"__symbolic":"select","expression":{"__symbolic":"reference","name":"field"},"member":"validators"},"member":"validation"},"elseExpression":{"__symbolic":"reference","name":"undefined"}},{"__symbolic":"if","condition":{"__symbolic":"select","expression":{"__symbolic":"reference","name":"field"},"member":"asyncValidators"},"thenExpression":{"__symbolic":"select","expression":{"__symbolic":"select","expression":{"__symbolic":"reference","name":"field"},"member":"asyncValidators"},"member":"validation"},"elseExpression":{"__symbolic":"reference","name":"undefined"}}]}}}}}}]