{"summaries":[{"symbol":{"__symbol":0},"metadata":{"__symbolic":"class","statics":{"createControl":{"__symbolic":"function","parameters":["model","field"],"value":{"__symbolic":"new","expression":{"__symbol":1},"arguments":[{"value":{"__symbolic":"if","condition":{"__symbolic":"reference","name":"model"},"thenExpression":"on","elseExpression":{"__symbol":2}},"disabled":{"__symbolic":"select","expression":{"__symbolic":"select","expression":{"__symbolic":"reference","name":"field"},"member":"templateOptions"},"member":"disabled"}},{"__symbolic":"if","condition":{"__symbolic":"select","expression":{"__symbolic":"reference","name":"field"},"member":"validators"},"thenExpression":{"__symbolic":"select","expression":{"__symbolic":"select","expression":{"__symbolic":"reference","name":"field"},"member":"validators"},"member":"validation"},"elseExpression":{"__symbol":2}},{"__symbolic":"if","condition":{"__symbolic":"select","expression":{"__symbolic":"reference","name":"field"},"member":"asyncValidators"},"thenExpression":{"__symbolic":"select","expression":{"__symbolic":"select","expression":{"__symbolic":"reference","name":"field"},"member":"asyncValidators"},"member":"validation"},"elseExpression":{"__symbol":2}}]}}}},"type":{"summaryKind":1,"type":{"reference":{"__symbol":0},"diDeps":[],"lifecycleHooks":[0,1,2,3,4,5,6,7]},"isComponent":true,"selector":"formly-field-checkbox","inputs":{"form":"form","field":"field","model":"model","options":"options"},"outputs":{},"hostListeners":{},"hostProperties":{},"hostAttributes":{},"providers":[],"viewProviders":[],"queries":[],"entryComponents":[],"changeDetection":1,"template":{"animations":[],"ngContentSelectors":[],"encapsulation":2}}}],"symbols":[{"__symbol":0,"name":"FormlyFieldCheckbox","filePath":"/home/abdellatif/www/contrib/ng2-formly/src/ui-bootstrap/types/checkbox.d.ts"},{"__symbol":1,"name":"FormControl","filePath":"/home/abdellatif/www/contrib/ng2-formly/node_modules/@angular/forms/index.d.ts"},{"__symbol":2,"name":"undefined","filePath":"/home/abdellatif/www/contrib/ng2-formly/src/ui-bootstrap/types/checkbox.d.ts"}]}