[{"__symbolic":"module","version":3,"metadata":{"FormlyFieldInput":{"__symbolic":"class","extends":{"__symbolic":"reference","module":"../../core","name":"FieldType"},"decorators":[{"__symbolic":"call","expression":{"__symbolic":"reference","module":"@angular/core","name":"Component"},"arguments":[{"selector":"formly-field-input","template":"\n    <input [type]=\"type\" [formControl]=\"formControl\" class=\"form-control\"\n      [formlyAttributes]=\"field\" [ngClass]=\"{'form-control-danger': valid}\">\n    "}]}]}}},{"__symbolic":"module","version":1,"metadata":{"FormlyFieldInput":{"__symbolic":"class","extends":{"__symbolic":"reference","module":"../../core","name":"FieldType"},"decorators":[{"__symbolic":"call","expression":{"__symbolic":"reference","module":"@angular/core","name":"Component"},"arguments":[{"selector":"formly-field-input","template":"\n    <input [type]=\"type\" [formControl]=\"formControl\" class=\"form-control\"\n      [formlyAttributes]=\"field\" [ngClass]=\"{'form-control-danger': valid}\">\n    "}]}]}}}]