[{"__symbolic":"module","version":3,"metadata":{"FormlyFieldMultiCheckbox":{"__symbolic":"class","extends":{"__symbolic":"reference","module":"../../core","name":"FieldType"},"decorators":[{"__symbolic":"call","expression":{"__symbolic":"reference","module":"@angular/core","name":"Component"},"arguments":[{"selector":"formly-field-multicheckbox","template":"\n    <div *ngFor=\"let option of to.options\" class=\"checkbox\">\n        <label class=\"custom-control custom-checkbox\">\n            <input type=\"checkbox\" [value]=\"option.value\" [formControl]=\"formControl.get(option.key)\"\n            [formlyAttributes]=\"field\" class=\"custom-control-input\">\n            {{option.value}}\n            <span class=\"custom-control-indicator\"></span>\n        </label>\n    </div>\n  "}]}]}}},{"__symbolic":"module","version":1,"metadata":{"FormlyFieldMultiCheckbox":{"__symbolic":"class","extends":{"__symbolic":"reference","module":"../../core","name":"FieldType"},"decorators":[{"__symbolic":"call","expression":{"__symbolic":"reference","module":"@angular/core","name":"Component"},"arguments":[{"selector":"formly-field-multicheckbox","template":"\n    <div *ngFor=\"let option of to.options\" class=\"checkbox\">\n        <label class=\"custom-control custom-checkbox\">\n            <input type=\"checkbox\" [value]=\"option.value\" [formControl]=\"formControl.get(option.key)\"\n            [formlyAttributes]=\"field\" class=\"custom-control-input\">\n            {{option.value}}\n            <span class=\"custom-control-indicator\"></span>\n        </label>\n    </div>\n  "}]}]}}}]