[{"__symbolic":"module","version":3,"metadata":{"FormlyFieldRadio":{"__symbolic":"class","extends":{"__symbolic":"reference","module":"../../core","name":"FieldType"},"decorators":[{"__symbolic":"call","expression":{"__symbolic":"reference","module":"@angular/core","name":"Component"},"arguments":[{"selector":"formly-field-radio","template":"\n    <div [formGroup]=\"form\">\n      <div *ngFor=\"let option of to.options\" class=\"radio\">\n        <label class=\"custom-control custom-radio\">\n          <input [name]=\"id\" type=\"radio\" [value]=\"option.key\" [formControl]=\"formControl\"\n          [formlyAttributes]=\"field\" class=\"custom-control-input\">\n          {{option.value}}\n          <span class=\"custom-control-indicator\"></span>\n        </label>\n      </div>\n    </div>\n  "}]}]}}},{"__symbolic":"module","version":1,"metadata":{"FormlyFieldRadio":{"__symbolic":"class","extends":{"__symbolic":"reference","module":"../../core","name":"FieldType"},"decorators":[{"__symbolic":"call","expression":{"__symbolic":"reference","module":"@angular/core","name":"Component"},"arguments":[{"selector":"formly-field-radio","template":"\n    <div [formGroup]=\"form\">\n      <div *ngFor=\"let option of to.options\" class=\"radio\">\n        <label class=\"custom-control custom-radio\">\n          <input [name]=\"id\" type=\"radio\" [value]=\"option.key\" [formControl]=\"formControl\"\n          [formlyAttributes]=\"field\" class=\"custom-control-input\">\n          {{option.value}}\n          <span class=\"custom-control-indicator\"></span>\n        </label>\n      </div>\n    </div>\n  "}]}]}}}]