[{"__symbolic":"module","version":3,"metadata":{"SelectOption":{"__symbolic":"class","members":{"__ctor__":[{"__symbolic":"constructor","parameters":[{"__symbolic":"reference","name":"string"},{"__symbolic":"reference","name":"string"},{"__symbolic":"reference","name":"Array","arguments":[{"__symbolic":"reference","name":"SelectOption"}]}]}]}},"FormlyFieldSelect":{"__symbolic":"class","extends":{"__symbolic":"reference","module":"../../core","name":"FieldType"},"decorators":[{"__symbolic":"call","expression":{"__symbolic":"reference","module":"@angular/core","name":"Component"},"arguments":[{"selector":"formly-field-select","template":"\n    <select [formControl]=\"formControl\" class=\"form-control\" [formlyAttributes]=\"field\">\n      <option value=\"\" *ngIf=\"to.placeholder\">{{to.placeholder}}</option>\n      <ng-container *ngFor=\"let item of selectOptions\">\n       <optgroup *ngIf=\"item.group\" label=\"{{item.label}}\">\n         <option *ngFor=\"let child of item.group\" [value]=\"child.value\" [disabled]=\"item.disabled\">\n           {{child.label}}\n         </option>\n       </optgroup>\n       <option *ngIf=\"!item.group\" [value]=\"item.value\" [disabled]=\"item.disabled\">{{item.label}}</option>\n      </ng-container>\n    </select>\n  "}]}]}}},{"__symbolic":"module","version":1,"metadata":{"SelectOption":{"__symbolic":"class","members":{"__ctor__":[{"__symbolic":"constructor","parameters":[{"__symbolic":"reference","name":"string"},{"__symbolic":"reference","name":"string"},{"__symbolic":"reference","name":"Array","arguments":[{"__symbolic":"reference","name":"SelectOption"}]}]}]}},"FormlyFieldSelect":{"__symbolic":"class","extends":{"__symbolic":"reference","module":"../../core","name":"FieldType"},"decorators":[{"__symbolic":"call","expression":{"__symbolic":"reference","module":"@angular/core","name":"Component"},"arguments":[{"selector":"formly-field-select","template":"\n    <select [formControl]=\"formControl\" class=\"form-control\" [formlyAttributes]=\"field\">\n      <option value=\"\" *ngIf=\"to.placeholder\">{{to.placeholder}}</option>\n      <ng-container *ngFor=\"let item of selectOptions\">\n       <optgroup *ngIf=\"item.group\" label=\"{{item.label}}\">\n         <option *ngFor=\"let child of item.group\" [value]=\"child.value\" [disabled]=\"item.disabled\">\n           {{child.label}}\n         </option>\n       </optgroup>\n       <option *ngIf=\"!item.group\" [value]=\"item.value\" [disabled]=\"item.disabled\">{{item.label}}</option>\n      </ng-container>\n    </select>\n  "}]}]}}}]