{"summaries":[{"symbol":{"__symbol":0},"metadata":{"__symbolic":"class"}},{"symbol":{"__symbol":1},"metadata":{"__symbolic":"class"},"type":{"summaryKind":1,"type":{"reference":{"__symbol":1},"diDeps":[],"lifecycleHooks":[0,1,2,3,4,5,6,7]},"isComponent":true,"selector":"formly-field-select","inputs":{"form":"form","field":"field","model":"model","options":"options"},"outputs":{},"hostListeners":{},"hostProperties":{},"hostAttributes":{},"providers":[],"viewProviders":[],"queries":[],"entryComponents":[],"changeDetection":1,"template":{"animations":[],"ngContentSelectors":[],"encapsulation":2}}}],"symbols":[{"__symbol":0,"name":"SelectOption","filePath":"/home/abdellatif/www/contrib/ng2-formly/src/ui-bootstrap/types/select.d.ts"},{"__symbol":1,"name":"FormlyFieldSelect","filePath":"/home/abdellatif/www/contrib/ng2-formly/src/ui-bootstrap/types/select.d.ts"}]}