[{"__symbolic":"module","version":3,"metadata":{"FormlyFieldTextArea":{"__symbolic":"class","extends":{"__symbolic":"reference","module":"../../core","name":"FieldType"},"decorators":[{"__symbolic":"call","expression":{"__symbolic":"reference","module":"@angular/core","name":"Component"},"arguments":[{"selector":"formly-field-textarea","template":"\n    <textarea [name]=\"key\" [formControl]=\"formControl\" [cols]=\"to.cols\"\n      [rows]=\"to.rows\" class=\"form-control\"\n      [formlyAttributes]=\"field\">\n    </textarea>\n  "}]}]}}},{"__symbolic":"module","version":1,"metadata":{"FormlyFieldTextArea":{"__symbolic":"class","extends":{"__symbolic":"reference","module":"../../core","name":"FieldType"},"decorators":[{"__symbolic":"call","expression":{"__symbolic":"reference","module":"@angular/core","name":"Component"},"arguments":[{"selector":"formly-field-textarea","template":"\n    <textarea [name]=\"key\" [formControl]=\"formControl\" [cols]=\"to.cols\"\n      [rows]=\"to.rows\" class=\"form-control\"\n      [formlyAttributes]=\"field\">\n    </textarea>\n  "}]}]}}}]