[{"__symbolic":"module","version":3,"metadata":{},"exports":[{"from":"./checkbox","export":["FormlyFieldCheckbox"]},{"from":"./multicheckbox","export":["FormlyFieldMultiCheckbox"]},{"from":"./input","export":["FormlyFieldInput"]},{"from":"./radio","export":["FormlyFieldRadio"]},{"from":"./textarea","export":["FormlyFieldTextArea"]},{"from":"./select","export":["FormlyFieldSelect"]}]},{"__symbolic":"module","version":1,"metadata":{},"exports":[{"from":"./checkbox","export":["FormlyFieldCheckbox"]},{"from":"./multicheckbox","export":["FormlyFieldMultiCheckbox"]},{"from":"./input","export":["FormlyFieldInput"]},{"from":"./radio","export":["FormlyFieldRadio"]},{"from":"./textarea","export":["FormlyFieldTextArea"]},{"from":"./select","export":["FormlyFieldSelect"]}]}]