{"summaries":[{"symbol":{"__symbol":0},"metadata":{"__symbol":1}},{"symbol":{"__symbol":2},"metadata":{"__symbol":3}},{"symbol":{"__symbol":4},"metadata":{"__symbol":5}},{"symbol":{"__symbol":6},"metadata":{"__symbol":7}},{"symbol":{"__symbol":8},"metadata":{"__symbol":9}},{"symbol":{"__symbol":10},"metadata":{"__symbol":11}}],"symbols":[{"__symbol":0,"name":"FormlyFieldCheckbox","filePath":"/home/abdellatif/www/contrib/ng2-formly/src/ui-bootstrap/types/types.d.ts"},{"__symbol":1,"name":"FormlyFieldCheckbox","filePath":"/home/abdellatif/www/contrib/ng2-formly/src/ui-bootstrap/types/checkbox.d.ts"},{"__symbol":2,"name":"FormlyFieldMultiCheckbox","filePath":"/home/abdellatif/www/contrib/ng2-formly/src/ui-bootstrap/types/types.d.ts"},{"__symbol":3,"name":"FormlyFieldMultiCheckbox","filePath":"/home/abdellatif/www/contrib/ng2-formly/src/ui-bootstrap/types/multicheckbox.d.ts"},{"__symbol":4,"name":"FormlyFieldInput","filePath":"/home/abdellatif/www/contrib/ng2-formly/src/ui-bootstrap/types/types.d.ts"},{"__symbol":5,"name":"FormlyFieldInput","filePath":"/home/abdellatif/www/contrib/ng2-formly/src/ui-bootstrap/types/input.d.ts"},{"__symbol":6,"name":"FormlyFieldRadio","filePath":"/home/abdellatif/www/contrib/ng2-formly/src/ui-bootstrap/types/types.d.ts"},{"__symbol":7,"name":"FormlyFieldRadio","filePath":"/home/abdellatif/www/contrib/ng2-formly/src/ui-bootstrap/types/radio.d.ts"},{"__symbol":8,"name":"FormlyFieldTextArea","filePath":"/home/abdellatif/www/contrib/ng2-formly/src/ui-bootstrap/types/types.d.ts"},{"__symbol":9,"name":"FormlyFieldTextArea","filePath":"/home/abdellatif/www/contrib/ng2-formly/src/ui-bootstrap/types/textarea.d.ts"},{"__symbol":10,"name":"FormlyFieldSelect","filePath":"/home/abdellatif/www/contrib/ng2-formly/src/ui-bootstrap/types/types.d.ts"},{"__symbol":11,"name":"FormlyFieldSelect","filePath":"/home/abdellatif/www/contrib/ng2-formly/src/ui-bootstrap/types/select.d.ts"}]}