[{"__symbolic":"module","version":3,"metadata":{"FieldType":{"__symbolic":"class","extends":{"__symbolic":"reference","module":"./field","name":"Field"},"members":{"ngOnInit":[{"__symbolic":"method"}],"ngOnChanges":[{"__symbolic":"method"}],"ngDoCheck":[{"__symbolic":"method"}],"ngAfterContentInit":[{"__symbolic":"method"}],"ngAfterContentChecked":[{"__symbolic":"method"}],"ngAfterViewInit":[{"__symbolic":"method"}],"ngAfterViewChecked":[{"__symbolic":"method"}],"ngOnDestroy":[{"__symbolic":"method"}],"lifeCycleHooks":[{"__symbolic":"method"}]}}}},{"__symbolic":"module","version":1,"metadata":{"FieldType":{"__symbolic":"class","extends":{"__symbolic":"reference","module":"./field","name":"Field"},"members":{"ngOnInit":[{"__symbolic":"method"}],"ngOnChanges":[{"__symbolic":"method"}],"ngDoCheck":[{"__symbolic":"method"}],"ngAfterContentInit":[{"__symbolic":"method"}],"ngAfterContentChecked":[{"__symbolic":"method"}],"ngAfterViewInit":[{"__symbolic":"method"}],"ngAfterViewChecked":[{"__symbolic":"method"}],"ngOnDestroy":[{"__symbolic":"method"}],"lifeCycleHooks":[{"__symbolic":"method"}]}}}}]