[{"__symbolic":"module","version":3,"metadata":{"FormlyWrapperAddons":{"__symbolic":"class","extends":{"__symbolic":"reference","module":"../../core","name":"FieldWrapper"},"decorators":[{"__symbolic":"call","expression":{"__symbolic":"reference","module":"@angular/core","name":"Component"},"arguments":[{"selector":"formly-wrapper-addons","template":"\n    <div class=\"input-group\">\n    <div class=\"input-group-addon\"\n         *ngIf=\"to.addonLeft\"\n         [ngStyle]=\"{cursor: to.addonLeft.onClick ? 'pointer' : 'inherit'}\"\n         (click)=\"addonLeftClick($event)\">\n        <i [ngClass]=\"to.addonLeft.class\" *ngIf=\"to.addonLeft.class\"></i>\n        <span *ngIf=\"to.addonLeft.text\">{{to.addonLeft.text}}</span>\n    </div>\n    <ng-container #fieldComponent></ng-container>\n    <div class=\"input-group-addon\"\n         *ngIf=\"to.addonRight\"\n         [ngStyle]=\"{cursor: to.addonRight.onClick ? 'pointer' : 'inherit'}\"\n         (click)=\"addonRightClick($event)\">\n        <i [ngClass]=\"to.addonRight.class\" *ngIf=\"to.addonRight.class\"></i>\n        <span *ngIf=\"to.addonRight.text\">{{to.addonRight.text}}</span>\n    </div>\n</div>\n  "}]}],"members":{"fieldComponent":[{"__symbolic":"property","decorators":[{"__symbolic":"call","expression":{"__symbolic":"reference","module":"@angular/core","name":"ViewChild"},"arguments":["fieldComponent",{"read":{"__symbolic":"reference","module":"@angular/core","name":"ViewContainerRef"}}]}]}],"addonRightClick":[{"__symbolic":"method"}],"addonLeftClick":[{"__symbolic":"method"}]}}}},{"__symbolic":"module","version":1,"metadata":{"FormlyWrapperAddons":{"__symbolic":"class","extends":{"__symbolic":"reference","module":"../../core","name":"FieldWrapper"},"decorators":[{"__symbolic":"call","expression":{"__symbolic":"reference","module":"@angular/core","name":"Component"},"arguments":[{"selector":"formly-wrapper-addons","template":"\n    <div class=\"input-group\">\n    <div class=\"input-group-addon\"\n         *ngIf=\"to.addonLeft\"\n         [ngStyle]=\"{cursor: to.addonLeft.onClick ? 'pointer' : 'inherit'}\"\n         (click)=\"addonLeftClick($event)\">\n        <i [ngClass]=\"to.addonLeft.class\" *ngIf=\"to.addonLeft.class\"></i>\n        <span *ngIf=\"to.addonLeft.text\">{{to.addonLeft.text}}</span>\n    </div>\n    <ng-container #fieldComponent></ng-container>\n    <div class=\"input-group-addon\"\n         *ngIf=\"to.addonRight\"\n         [ngStyle]=\"{cursor: to.addonRight.onClick ? 'pointer' : 'inherit'}\"\n         (click)=\"addonRightClick($event)\">\n        <i [ngClass]=\"to.addonRight.class\" *ngIf=\"to.addonRight.class\"></i>\n        <span *ngIf=\"to.addonRight.text\">{{to.addonRight.text}}</span>\n    </div>\n</div>\n  "}]}],"members":{"fieldComponent":[{"__symbolic":"property","decorators":[{"__symbolic":"call","expression":{"__symbolic":"reference","module":"@angular/core","name":"ViewChild"},"arguments":["fieldComponent",{"read":{"__symbolic":"reference","module":"@angular/core","name":"ViewContainerRef"}}]}]}],"addonRightClick":[{"__symbolic":"method"}],"addonLeftClick":[{"__symbolic":"method"}]}}}}]