[{"__symbolic":"module","version":3,"metadata":{"FormlyWrapperDescription":{"__symbolic":"class","extends":{"__symbolic":"reference","module":"../../core","name":"FieldWrapper"},"decorators":[{"__symbolic":"call","expression":{"__symbolic":"reference","module":"@angular/core","name":"Component"},"arguments":[{"selector":"formly-wrapper-description","template":"\n    <ng-container #fieldComponent></ng-container>\n    <div>\n      <small class=\"text-muted\">{{to.description}}</small>\n    </div>\n  "}]}],"members":{"fieldComponent":[{"__symbolic":"property","decorators":[{"__symbolic":"call","expression":{"__symbolic":"reference","module":"@angular/core","name":"ViewChild"},"arguments":["fieldComponent",{"read":{"__symbolic":"reference","module":"@angular/core","name":"ViewContainerRef"}}]}]}]}}}},{"__symbolic":"module","version":1,"metadata":{"FormlyWrapperDescription":{"__symbolic":"class","extends":{"__symbolic":"reference","module":"../../core","name":"FieldWrapper"},"decorators":[{"__symbolic":"call","expression":{"__symbolic":"reference","module":"@angular/core","name":"Component"},"arguments":[{"selector":"formly-wrapper-description","template":"\n    <ng-container #fieldComponent></ng-container>\n    <div>\n      <small class=\"text-muted\">{{to.description}}</small>\n    </div>\n  "}]}],"members":{"fieldComponent":[{"__symbolic":"property","decorators":[{"__symbolic":"call","expression":{"__symbolic":"reference","module":"@angular/core","name":"ViewChild"},"arguments":["fieldComponent",{"read":{"__symbolic":"reference","module":"@angular/core","name":"ViewContainerRef"}}]}]}]}}}}]