[{"__symbolic":"module","version":3,"metadata":{"FormlyWrapperLabel":{"__symbolic":"class","extends":{"__symbolic":"reference","module":"../../core","name":"FieldWrapper"},"decorators":[{"__symbolic":"call","expression":{"__symbolic":"reference","module":"@angular/core","name":"Component"},"arguments":[{"selector":"formly-wrapper-label","template":"\n    <label [attr.for]=\"id\" class=\"form-control-label\">{{to.label}}</label>\n    <ng-container #fieldComponent></ng-container>\n  "}]}],"members":{"fieldComponent":[{"__symbolic":"property","decorators":[{"__symbolic":"call","expression":{"__symbolic":"reference","module":"@angular/core","name":"ViewChild"},"arguments":["fieldComponent",{"read":{"__symbolic":"reference","module":"@angular/core","name":"ViewContainerRef"}}]}]}]}}}},{"__symbolic":"module","version":1,"metadata":{"FormlyWrapperLabel":{"__symbolic":"class","extends":{"__symbolic":"reference","module":"../../core","name":"FieldWrapper"},"decorators":[{"__symbolic":"call","expression":{"__symbolic":"reference","module":"@angular/core","name":"Component"},"arguments":[{"selector":"formly-wrapper-label","template":"\n    <label [attr.for]=\"id\" class=\"form-control-label\">{{to.label}}</label>\n    <ng-container #fieldComponent></ng-container>\n  "}]}],"members":{"fieldComponent":[{"__symbolic":"property","decorators":[{"__symbolic":"call","expression":{"__symbolic":"reference","module":"@angular/core","name":"ViewChild"},"arguments":["fieldComponent",{"read":{"__symbolic":"reference","module":"@angular/core","name":"ViewContainerRef"}}]}]}]}}}}]