[{"__symbolic":"module","version":3,"metadata":{},"exports":[{"from":"./fieldset","export":["FormlyWrapperFieldset"]},{"from":"./label","export":["FormlyWrapperLabel"]},{"from":"./description","export":["FormlyWrapperDescription"]},{"from":"./message-validation","export":["FormlyWrapperValidationMessages"]}]},{"__symbolic":"module","version":1,"metadata":{},"exports":[{"from":"./fieldset","export":["FormlyWrapperFieldset"]},{"from":"./label","export":["FormlyWrapperLabel"]},{"from":"./description","export":["FormlyWrapperDescription"]},{"from":"./message-validation","export":["FormlyWrapperValidationMessages"]}]}]