{"summaries":[{"symbol":{"__symbol":0},"metadata":{"__symbol":1}},{"symbol":{"__symbol":2},"metadata":{"__symbol":3}},{"symbol":{"__symbol":4},"metadata":{"__symbol":5}},{"symbol":{"__symbol":6},"metadata":{"__symbol":7}}],"symbols":[{"__symbol":0,"name":"FormlyWrapperFieldset","filePath":"/home/abdellatif/www/contrib/ng2-formly/src/ui-bootstrap/wrappers/wrappers.d.ts"},{"__symbol":1,"name":"FormlyWrapperFieldset","filePath":"/home/abdellatif/www/contrib/ng2-formly/src/ui-bootstrap/wrappers/fieldset.d.ts"},{"__symbol":2,"name":"FormlyWrapperLabel","filePath":"/home/abdellatif/www/contrib/ng2-formly/src/ui-bootstrap/wrappers/wrappers.d.ts"},{"__symbol":3,"name":"FormlyWrapperLabel","filePath":"/home/abdellatif/www/contrib/ng2-formly/src/ui-bootstrap/wrappers/label.d.ts"},{"__symbol":4,"name":"FormlyWrapperDescription","filePath":"/home/abdellatif/www/contrib/ng2-formly/src/ui-bootstrap/wrappers/wrappers.d.ts"},{"__symbol":5,"name":"FormlyWrapperDescription","filePath":"/home/abdellatif/www/contrib/ng2-formly/src/ui-bootstrap/wrappers/description.d.ts"},{"__symbol":6,"name":"FormlyWrapperValidationMessages","filePath":"/home/abdellatif/www/contrib/ng2-formly/src/ui-bootstrap/wrappers/wrappers.d.ts"},{"__symbol":7,"name":"FormlyWrapperValidationMessages","filePath":"/home/abdellatif/www/contrib/ng2-formly/src/ui-bootstrap/wrappers/message-validation.d.ts"}]}