[{"__symbolic":"module","version":3,"metadata":{"FormlyGroup":{"__symbolic":"class","extends":{"__symbolic":"reference","module":"../templates/field.type","name":"FieldType"},"decorators":[{"__symbolic":"call","expression":{"__symbolic":"reference","module":"@angular/core","name":"Component"},"arguments":[{"selector":"formly-group","template":"\n    <formly-form [fields]=\"field.fieldGroup\" [model]=\"model\" [form]=\"formlyGroup\" [options]=\"newOptions\" [ngClass]=\"field.fieldGroupClassName\" [buildForm]=\"false\"></formly-form>\n  "}]}]}}},{"__symbolic":"module","version":1,"metadata":{"FormlyGroup":{"__symbolic":"class","extends":{"__symbolic":"reference","module":"../templates/field.type","name":"FieldType"},"decorators":[{"__symbolic":"call","expression":{"__symbolic":"reference","module":"@angular/core","name":"Component"},"arguments":[{"selector":"formly-group","template":"\n    <formly-form [fields]=\"field.fieldGroup\" [model]=\"model\" [form]=\"formlyGroup\" [options]=\"newOptions\" [ngClass]=\"field.fieldGroupClassName\" [buildForm]=\"false\"></formly-form>\n  "}]}]}}}]