{"summaries":[{"symbol":{"__symbol":0},"metadata":{"__symbolic":"class"},"type":{"summaryKind":1,"type":{"reference":{"__symbol":0},"diDeps":[],"lifecycleHooks":[0,1,2,3,4,5,6,7]},"isComponent":true,"selector":"formly-group","inputs":{"form":"form","field":"field","model":"model","options":"options"},"outputs":{},"hostListeners":{},"hostProperties":{},"hostAttributes":{},"providers":[],"viewProviders":[],"queries":[],"entryComponents":[],"changeDetection":1,"template":{"animations":[],"ngContentSelectors":[],"encapsulation":2}}}],"symbols":[{"__symbol":0,"name":"FormlyGroup","filePath":"/home/abdellatif/www/contrib/ng2-formly/src/core/components/formly.group.d.ts"}]}