{"summaries":[{"symbol":{"__symbol":0},"metadata":{"__symbolic":"class"},"type":{"summaryKind":1,"type":{"reference":{"__symbol":0},"diDeps":[{"isAttribute":false,"isHost":false,"isSelf":false,"isSkipSelf":false,"isOptional":false,"token":{"identifier":{"reference":{"__symbol":1}}}},{"isAttribute":false,"isHost":false,"isSelf":false,"isSkipSelf":false,"isOptional":false,"token":{"identifier":{"reference":{"__symbol":2}}}},{"isAttribute":false,"isHost":false,"isSelf":false,"isSkipSelf":false,"isOptional":false,"token":{"identifier":{"reference":{"__symbol":3}}}},{"isAttribute":false,"isHost":false,"isSelf":false,"isSkipSelf":false,"isOptional":false,"token":{"identifier":{"reference":{"__symbol":4}}}},{"isAttribute":false,"isHost":false,"isSelf":false,"isSkipSelf":false,"isOptional":false,"token":{"identifier":{"reference":{"__symbol":5}}}}],"lifecycleHooks":[0,1,2]},"isComponent":true,"selector":"formly-field","inputs":{"model":"model","form":"form","field":"field","options":"options"},"outputs":{"modelChange":"modelChange"},"hostListeners":{},"hostProperties":{},"hostAttributes":{},"providers":[],"viewProviders":[],"queries":[],"entryComponents":[],"changeDetection":1,"template":{"animations":[],"ngContentSelectors":[],"encapsulation":2}}}],"symbols":[{"__symbol":0,"name":"FormlyField","filePath":"/home/abdellatif/www/contrib/ng2-formly/src/core/components/formly.field.d.ts"},{"__symbol":1,"name":"ElementRef","filePath":"/home/abdellatif/www/contrib/ng2-formly/node_modules/@angular/core/src/linker/element_ref.d.ts"},{"__symbol":2,"name":"FormlyPubSub","filePath":"/home/abdellatif/www/contrib/ng2-formly/src/core/services/formly.event.emitter.d.ts"},{"__symbol":3,"name":"Renderer","filePath":"/home/abdellatif/www/contrib/ng2-formly/node_modules/@angular/core/src/render/api.d.ts"},{"__symbol":4,"name":"FormlyConfig","filePath":"/home/abdellatif/www/contrib/ng2-formly/src/core/services/formly.config.d.ts"},{"__symbol":5,"name":"ComponentFactoryResolver","filePath":"/home/abdellatif/www/contrib/ng2-formly/node_modules/@angular/core/src/linker/component_factory_resolver.d.ts"}]}