{"summaries":[{"symbol":{"__symbol":0},"metadata":{"__symbolic":"class"},"type":{"summaryKind":1,"type":{"reference":{"__symbol":0},"diDeps":[{"isAttribute":false,"isHost":false,"isSelf":false,"isSkipSelf":false,"isOptional":false,"token":{"identifier":{"reference":{"__symbol":1}}}}],"lifecycleHooks":[3]},"isComponent":true,"selector":"formly-form","inputs":{"model":"model","form":"form","fields":"fields","options":"options","buildForm":"buildForm"},"outputs":{},"hostListeners":{},"hostProperties":{},"hostAttributes":{},"providers":[],"viewProviders":[],"queries":[],"entryComponents":[],"changeDetection":1,"template":{"animations":[],"ngContentSelectors":["*"],"encapsulation":2}}}],"symbols":[{"__symbol":0,"name":"FormlyForm","filePath":"/home/abdellatif/www/contrib/ng2-formly/src/core/components/formly.form.d.ts"},{"__symbol":1,"name":"FormlyFormBuilder","filePath":"/home/abdellatif/www/contrib/ng2-formly/src/core/services/formly.form.builder.d.ts"}]}