[{"__symbolic":"module","version":3,"metadata":{"FormlyField":{"__symbolic":"class","decorators":[{"__symbolic":"call","expression":{"__symbolic":"reference","module":"@angular/core","name":"Component"},"arguments":[{"selector":"formly-field","template":"\n    <ng-container #fieldComponent></ng-container>\n    <div *ngIf=\"field.template && !field.fieldGroup\" [innerHtml]=\"field.template\"></div>\n  "}]}],"members":{"model":[{"__symbolic":"property","decorators":[{"__symbolic":"call","expression":{"__symbolic":"reference","module":"@angular/core","name":"Input"}}]}],"form":[{"__symbolic":"property","decorators":[{"__symbolic":"call","expression":{"__symbolic":"reference","module":"@angular/core","name":"Input"}}]}],"field":[{"__symbolic":"property","decorators":[{"__symbolic":"call","expression":{"__symbolic":"reference","module":"@angular/core","name":"Input"}}]}],"options":[{"__symbolic":"property","decorators":[{"__symbolic":"call","expression":{"__symbolic":"reference","module":"@angular/core","name":"Input"}}]}],"modelChange":[{"__symbolic":"property","decorators":[{"__symbolic":"call","expression":{"__symbolic":"reference","module":"@angular/core","name":"Output"}}]}],"fieldComponent":[{"__symbolic":"property","decorators":[{"__symbolic":"call","expression":{"__symbolic":"reference","module":"@angular/core","name":"ViewChild"},"arguments":["fieldComponent",{"read":{"__symbolic":"reference","module":"@angular/core","name":"ViewContainerRef"}}]}]}],"__ctor__":[{"__symbolic":"constructor","parameters":[{"__symbolic":"reference","module":"@angular/core","name":"ElementRef"},{"__symbolic":"reference","module":"../services/formly.event.emitter","name":"FormlyPubSub"},{"__symbolic":"reference","module":"@angular/core","name":"Renderer"},{"__symbolic":"reference","module":"../services/formly.config","name":"FormlyConfig"},{"__symbolic":"reference","module":"@angular/core","name":"ComponentFactoryResolver"}]}],"ngDoCheck":[{"__symbolic":"method"}],"ngOnInit":[{"__symbolic":"method"}],"ngOnDestroy":[{"__symbolic":"method"}],"changeModel":[{"__symbolic":"method"}],"createFieldComponents":[{"__symbolic":"method"}],"createFieldComponent":[{"__symbolic":"method"}],"createComponent":[{"__symbolic":"method"}],"psEmit":[{"__symbolic":"method"}],"getManipulators":[{"__symbolic":"method"}],"runManipulators":[{"__symbolic":"method"}],"checkVisibilityChange":[{"__symbolic":"method"}],"checkExpressionChange":[{"__symbolic":"method"}],"toggleHide":[{"__symbolic":"method"}],"addFieldControl":[{"__symbolic":"method"}],"removeFieldControl":[{"__symbolic":"method"}]}}}},{"__symbolic":"module","version":1,"metadata":{"FormlyField":{"__symbolic":"class","decorators":[{"__symbolic":"call","expression":{"__symbolic":"reference","module":"@angular/core","name":"Component"},"arguments":[{"selector":"formly-field","template":"\n    <ng-container #fieldComponent></ng-container>\n    <div *ngIf=\"field.template && !field.fieldGroup\" [innerHtml]=\"field.template\"></div>\n  "}]}],"members":{"model":[{"__symbolic":"property","decorators":[{"__symbolic":"call","expression":{"__symbolic":"reference","module":"@angular/core","name":"Input"}}]}],"form":[{"__symbolic":"property","decorators":[{"__symbolic":"call","expression":{"__symbolic":"reference","module":"@angular/core","name":"Input"}}]}],"field":[{"__symbolic":"property","decorators":[{"__symbolic":"call","expression":{"__symbolic":"reference","module":"@angular/core","name":"Input"}}]}],"options":[{"__symbolic":"property","decorators":[{"__symbolic":"call","expression":{"__symbolic":"reference","module":"@angular/core","name":"Input"}}]}],"modelChange":[{"__symbolic":"property","decorators":[{"__symbolic":"call","expression":{"__symbolic":"reference","module":"@angular/core","name":"Output"}}]}],"fieldComponent":[{"__symbolic":"property","decorators":[{"__symbolic":"call","expression":{"__symbolic":"reference","module":"@angular/core","name":"ViewChild"},"arguments":["fieldComponent",{"read":{"__symbolic":"reference","module":"@angular/core","name":"ViewContainerRef"}}]}]}],"__ctor__":[{"__symbolic":"constructor","parameters":[{"__symbolic":"reference","module":"@angular/core","name":"ElementRef"},{"__symbolic":"reference","module":"../services/formly.event.emitter","name":"FormlyPubSub"},{"__symbolic":"reference","module":"@angular/core","name":"Renderer"},{"__symbolic":"reference","module":"../services/formly.config","name":"FormlyConfig"},{"__symbolic":"reference","module":"@angular/core","name":"ComponentFactoryResolver"}]}],"ngDoCheck":[{"__symbolic":"method"}],"ngOnInit":[{"__symbolic":"method"}],"ngOnDestroy":[{"__symbolic":"method"}],"changeModel":[{"__symbolic":"method"}],"createFieldComponents":[{"__symbolic":"method"}],"createFieldComponent":[{"__symbolic":"method"}],"createComponent":[{"__symbolic":"method"}],"psEmit":[{"__symbolic":"method"}],"getManipulators":[{"__symbolic":"method"}],"runManipulators":[{"__symbolic":"method"}],"checkVisibilityChange":[{"__symbolic":"method"}],"checkExpressionChange":[{"__symbolic":"method"}],"toggleHide":[{"__symbolic":"method"}],"addFieldControl":[{"__symbolic":"method"}],"removeFieldControl":[{"__symbolic":"method"}]}}}}]