{"summaries":[{"symbol":{"__symbol":0},"metadata":{"__symbolic":"class"},"type":{"summaryKind":1,"type":{"reference":{"__symbol":0},"diDeps":[{"isAttribute":false,"isHost":false,"isSelf":false,"isSkipSelf":false,"isOptional":false,"token":{"identifier":{"reference":{"__symbol":1}}}},{"isAttribute":false,"isHost":false,"isSelf":false,"isSkipSelf":false,"isOptional":false,"token":{"identifier":{"reference":{"__symbol":2}}}}],"lifecycleHooks":[3]},"isComponent":false,"selector":"[formlyAttributes]","inputs":{"field":"formlyAttributes","formControl":"formControl"},"outputs":{},"hostListeners":{"focus":"onFocus()","blur":"onBlur()"},"hostProperties":{},"hostAttributes":{},"providers":[],"viewProviders":[],"queries":[],"entryComponents":[],"changeDetection":null,"template":null}}],"symbols":[{"__symbol":0,"name":"FormlyAttributes","filePath":"/home/abdellatif/www/contrib/ng2-formly/src/core/components/formly.attributes.d.ts"},{"__symbol":1,"name":"Renderer","filePath":"/home/abdellatif/www/contrib/ng2-formly/node_modules/@angular/core/src/render/api.d.ts"},{"__symbol":2,"name":"ElementRef","filePath":"/home/abdellatif/www/contrib/ng2-formly/node_modules/@angular/core/src/linker/element_ref.d.ts"}]}