[{"__symbolic":"module","version":3,"metadata":{"FormlyModule":{"__symbolic":"class","decorators":[{"__symbolic":"call","expression":{"__symbolic":"reference","module":"@angular/core","name":"NgModule"},"arguments":[{"declarations":[{"__symbolic":"reference","module":"./components/formly.form","name":"FormlyForm"},{"__symbolic":"reference","module":"./components/formly.field","name":"FormlyField"},{"__symbolic":"reference","module":"./components/formly.attributes","name":"FormlyAttributes"},{"__symbolic":"reference","module":"./components/formly.group","name":"FormlyGroup"}],"entryComponents":[{"__symbolic":"reference","module":"./components/formly.group","name":"FormlyGroup"}],"exports":[{"__symbolic":"reference","module":"./components/formly.form","name":"FormlyForm"},{"__symbolic":"reference","module":"./components/formly.field","name":"FormlyField"},{"__symbolic":"reference","module":"./components/formly.attributes","name":"FormlyAttributes"},{"__symbolic":"reference","module":"./components/formly.group","name":"FormlyGroup"}],"imports":[{"__symbolic":"reference","module":"@angular/common","name":"CommonModule"},{"__symbolic":"reference","module":"@angular/forms","name":"ReactiveFormsModule"}]}]}],"statics":{"forRoot":{"__symbolic":"function","parameters":["config"],"value":{"ngModule":{"__symbolic":"reference","name":"FormlyModule"},"providers":[{"__symbolic":"reference","module":"./services/formly.form.builder","name":"FormlyFormBuilder"},{"__symbolic":"reference","module":"./services/formly.config","name":"FormlyConfig"},{"__symbolic":"reference","module":"./services/formly.event.emitter","name":"FormlyPubSub"},{"__symbolic":"reference","module":"./services/formly.validation-messages","name":"FormlyValidationMessages"},{"provide":{"__symbolic":"reference","module":"./services/formly.config","name":"FORMLY_CONFIG_TOKEN"},"useValue":{"__symbolic":"reference","name":"config"},"multi":true},{"provide":{"__symbolic":"reference","module":"@angular/core","name":"ANALYZE_FOR_ENTRY_COMPONENTS"},"useValue":{"__symbolic":"reference","name":"config"},"multi":true}]},"defaults":[{}]},"forChild":{"__symbolic":"function","parameters":["config"],"value":{"ngModule":{"__symbolic":"reference","name":"FormlyModule"},"providers":[{"provide":{"__symbolic":"reference","module":"./services/formly.config","name":"FORMLY_CONFIG_TOKEN"},"useValue":{"__symbolic":"reference","name":"config"},"multi":true},{"provide":{"__symbolic":"reference","module":"@angular/core","name":"ANALYZE_FOR_ENTRY_COMPONENTS"},"useValue":{"__symbolic":"reference","name":"config"},"multi":true}]},"defaults":[{}]}}}}},{"__symbolic":"module","version":1,"metadata":{"FormlyModule":{"__symbolic":"class","decorators":[{"__symbolic":"call","expression":{"__symbolic":"reference","module":"@angular/core","name":"NgModule"},"arguments":[{"declarations":[{"__symbolic":"reference","module":"./components/formly.form","name":"FormlyForm"},{"__symbolic":"reference","module":"./components/formly.field","name":"FormlyField"},{"__symbolic":"reference","module":"./components/formly.attributes","name":"FormlyAttributes"},{"__symbolic":"reference","module":"./components/formly.group","name":"FormlyGroup"}],"entryComponents":[{"__symbolic":"reference","module":"./components/formly.group","name":"FormlyGroup"}],"exports":[{"__symbolic":"reference","module":"./components/formly.form","name":"FormlyForm"},{"__symbolic":"reference","module":"./components/formly.field","name":"FormlyField"},{"__symbolic":"reference","module":"./components/formly.attributes","name":"FormlyAttributes"},{"__symbolic":"reference","module":"./components/formly.group","name":"FormlyGroup"}],"imports":[{"__symbolic":"reference","module":"@angular/common","name":"CommonModule"},{"__symbolic":"reference","module":"@angular/forms","name":"ReactiveFormsModule"}]}]}],"statics":{"forRoot":{"__symbolic":"function","parameters":["config"],"value":{"ngModule":{"__symbolic":"reference","name":"FormlyModule"},"providers":[{"__symbolic":"reference","module":"./services/formly.form.builder","name":"FormlyFormBuilder"},{"__symbolic":"reference","module":"./services/formly.config","name":"FormlyConfig"},{"__symbolic":"reference","module":"./services/formly.event.emitter","name":"FormlyPubSub"},{"__symbolic":"reference","module":"./services/formly.validation-messages","name":"FormlyValidationMessages"},{"provide":{"__symbolic":"reference","module":"./services/formly.config","name":"FORMLY_CONFIG_TOKEN"},"useValue":{"__symbolic":"reference","name":"config"},"multi":true},{"provide":{"__symbolic":"reference","module":"@angular/core","name":"ANALYZE_FOR_ENTRY_COMPONENTS"},"useValue":{"__symbolic":"reference","name":"config"},"multi":true}]},"defaults":[{}]},"forChild":{"__symbolic":"function","parameters":["config"],"value":{"ngModule":{"__symbolic":"reference","name":"FormlyModule"},"providers":[{"provide":{"__symbolic":"reference","module":"./services/formly.config","name":"FORMLY_CONFIG_TOKEN"},"useValue":{"__symbolic":"reference","name":"config"},"multi":true},{"provide":{"__symbolic":"reference","module":"@angular/core","name":"ANALYZE_FOR_ENTRY_COMPONENTS"},"useValue":{"__symbolic":"reference","name":"config"},"multi":true}]},"defaults":[{}]}}}}}]