{"summaries":[{"symbol":{"__symbol":0},"metadata":{"__symbolic":"class","statics":{"forRoot":{"__symbolic":"function","parameters":["config"],"value":{"ngModule":{"__symbol":0},"providers":[{"__symbol":1},{"__symbol":2},{"__symbol":3},{"__symbol":4},{"provide":{"__symbol":5},"useValue":{"__symbolic":"reference","name":"config"},"multi":true},{"provide":{"__symbol":6},"useValue":{"__symbolic":"reference","name":"config"},"multi":true}]},"defaults":[{}]},"forChild":{"__symbolic":"function","parameters":["config"],"value":{"ngModule":{"__symbol":0},"providers":[{"provide":{"__symbol":5},"useValue":{"__symbolic":"reference","name":"config"},"multi":true},{"provide":{"__symbol":6},"useValue":{"__symbolic":"reference","name":"config"},"multi":true}]},"defaults":[{}]}}},"type":{"summaryKind":2,"type":{"reference":{"__symbol":0},"diDeps":[],"lifecycleHooks":[]},"entryComponents":[{"reference":{"__symbol":7}}],"providers":[{"provider":{"token":{"identifier":{"reference":{"__symbol":8}}},"useClass":{"reference":{"__symbol":9},"diDeps":[{"isAttribute":false,"isHost":false,"isSelf":false,"isSkipSelf":false,"isOptional":false,"token":{"identifier":{"reference":{"__symbol":10}}}}],"lifecycleHooks":[]},"useFactory":null,"useExisting":null,"deps":[{"isAttribute":false,"isHost":false,"isSelf":false,"isSkipSelf":false,"isOptional":false,"token":{"identifier":{"reference":{"__symbol":10}}}}],"multi":false},"module":{"reference":{"__symbol":11},"diDeps":[],"lifecycleHooks":[]}},{"provider":{"token":{"identifier":{"reference":{"__symbol":12},"diDeps":[],"lifecycleHooks":[]}},"useClass":{"reference":{"__symbol":12},"diDeps":[],"lifecycleHooks":[]},"useFactory":null,"useExisting":null,"deps":[],"multi":false},"module":{"reference":{"__symbol":13},"diDeps":[],"lifecycleHooks":[]}},{"provider":{"token":{"identifier":{"reference":{"__symbol":14},"diDeps":[],"lifecycleHooks":[]}},"useClass":{"reference":{"__symbol":14},"diDeps":[],"lifecycleHooks":[]},"useFactory":null,"useExisting":null,"deps":[],"multi":false},"module":{"reference":{"__symbol":13},"diDeps":[],"lifecycleHooks":[]}}],"modules":[{"reference":{"__symbol":11},"diDeps":[],"lifecycleHooks":[]},{"reference":{"__symbol":15},"diDeps":[],"lifecycleHooks":[]},{"reference":{"__symbol":13},"diDeps":[],"lifecycleHooks":[]},{"reference":{"__symbol":0},"diDeps":[],"lifecycleHooks":[]}],"exportedDirectives":[{"reference":{"__symbol":16}},{"reference":{"__symbol":17}},{"reference":{"__symbol":18}},{"reference":{"__symbol":7}}],"exportedPipes":[]}}],"symbols":[{"__symbol":0,"name":"FormlyModule","filePath":"/home/abdellatif/www/contrib/ng2-formly/src/core/core.module.d.ts"},{"__symbol":1,"name":"FormlyFormBuilder","filePath":"/home/abdellatif/www/contrib/ng2-formly/src/core/services/formly.form.builder.d.ts"},{"__symbol":2,"name":"FormlyConfig","filePath":"/home/abdellatif/www/contrib/ng2-formly/src/core/services/formly.config.d.ts"},{"__symbol":3,"name":"FormlyPubSub","filePath":"/home/abdellatif/www/contrib/ng2-formly/src/core/services/formly.event.emitter.d.ts"},{"__symbol":4,"name":"FormlyValidationMessages","filePath":"/home/abdellatif/www/contrib/ng2-formly/src/core/services/formly.validation-messages.d.ts"},{"__symbol":5,"name":"FORMLY_CONFIG_TOKEN","filePath":"/home/abdellatif/www/contrib/ng2-formly/src/core/services/formly.config.d.ts"},{"__symbol":6,"name":"ANALYZE_FOR_ENTRY_COMPONENTS","filePath":"/home/abdellatif/www/contrib/ng2-formly/node_modules/@angular/core/index.d.ts"},{"__symbol":7,"name":"FormlyGroup","filePath":"/home/abdellatif/www/contrib/ng2-formly/src/core/components/formly.group.d.ts"},{"__symbol":8,"name":"NgLocalization","filePath":"/home/abdellatif/www/contrib/ng2-formly/node_modules/@angular/common/src/localization.d.ts"},{"__symbol":9,"name":"NgLocaleLocalization","filePath":"/home/abdellatif/www/contrib/ng2-formly/node_modules/@angular/common/src/localization.d.ts"},{"__symbol":10,"name":"LOCALE_ID","filePath":"/home/abdellatif/www/contrib/ng2-formly/node_modules/@angular/core/src/i18n/tokens.d.ts"},{"__symbol":11,"name":"CommonModule","filePath":"/home/abdellatif/www/contrib/ng2-formly/node_modules/@angular/common/src/common_module.d.ts"},{"__symbol":12,"name":"FormBuilder","filePath":"/home/abdellatif/www/contrib/ng2-formly/node_modules/@angular/forms/src/form_builder.d.ts"},{"__symbol":13,"name":"ReactiveFormsModule","filePath":"/home/abdellatif/www/contrib/ng2-formly/node_modules/@angular/forms/src/form_providers.d.ts"},{"__symbol":14,"name":"RadioControlRegistry","filePath":"/home/abdellatif/www/contrib/ng2-formly/node_modules/@angular/forms/src/directives/radio_control_value_accessor.d.ts"},{"__symbol":15,"name":"InternalFormsSharedModule","filePath":"/home/abdellatif/www/contrib/ng2-formly/node_modules/@angular/forms/src/directives.d.ts"},{"__symbol":16,"name":"FormlyForm","filePath":"/home/abdellatif/www/contrib/ng2-formly/src/core/components/formly.form.d.ts"},{"__symbol":17,"name":"FormlyField","filePath":"/home/abdellatif/www/contrib/ng2-formly/src/core/components/formly.field.d.ts"},{"__symbol":18,"name":"FormlyAttributes","filePath":"/home/abdellatif/www/contrib/ng2-formly/src/core/components/formly.attributes.d.ts"}]}