{"summaries":[{"symbol":{"__symbol":0},"metadata":{"__symbol":1}},{"symbol":{"__symbol":2},"metadata":{"__symbol":3}},{"symbol":{"__symbol":4},"metadata":{"__symbol":5}},{"symbol":{"__symbol":6},"metadata":{"__symbol":7}},{"symbol":{"__symbol":8},"metadata":{"__symbol":9}},{"symbol":{"__symbol":10},"metadata":{"__symbol":11}},{"symbol":{"__symbol":12},"metadata":{"__symbol":13}},{"symbol":{"__symbol":14},"metadata":{"__symbol":15}},{"symbol":{"__symbol":16},"metadata":{"__symbol":17}},{"symbol":{"__symbol":18},"metadata":{"__symbol":19}},{"symbol":{"__symbol":20},"metadata":{"__symbol":21}},{"symbol":{"__symbol":22},"metadata":{"__symbol":23}},{"symbol":{"__symbol":24},"metadata":{"__symbol":25}},{"symbol":{"__symbol":26},"metadata":{"__symbol":27}}],"symbols":[{"__symbol":0,"name":"FormlyForm","filePath":"/home/abdellatif/www/contrib/ng2-formly/src/core/index.d.ts"},{"__symbol":1,"name":"FormlyForm","filePath":"/home/abdellatif/www/contrib/ng2-formly/src/core/components/formly.form.d.ts"},{"__symbol":2,"name":"FormlyFieldConfig","filePath":"/home/abdellatif/www/contrib/ng2-formly/src/core/index.d.ts"},{"__symbol":3,"name":"FormlyFieldConfig","filePath":"/home/abdellatif/www/contrib/ng2-formly/src/core/components/formly.field.config.d.ts"},{"__symbol":4,"name":"FormlyField","filePath":"/home/abdellatif/www/contrib/ng2-formly/src/core/index.d.ts"},{"__symbol":5,"name":"FormlyField","filePath":"/home/abdellatif/www/contrib/ng2-formly/src/core/components/formly.field.d.ts"},{"__symbol":6,"name":"FormlyAttributes","filePath":"/home/abdellatif/www/contrib/ng2-formly/src/core/index.d.ts"},{"__symbol":7,"name":"FormlyAttributes","filePath":"/home/abdellatif/www/contrib/ng2-formly/src/core/components/formly.attributes.d.ts"},{"__symbol":8,"name":"FormlyConfig","filePath":"/home/abdellatif/www/contrib/ng2-formly/src/core/index.d.ts"},{"__symbol":9,"name":"FormlyConfig","filePath":"/home/abdellatif/www/contrib/ng2-formly/src/core/services/formly.config.d.ts"},{"__symbol":10,"name":"ConfigOption","filePath":"/home/abdellatif/www/contrib/ng2-formly/src/core/index.d.ts"},{"__symbol":11,"name":"ConfigOption","filePath":"/home/abdellatif/www/contrib/ng2-formly/src/core/services/formly.config.d.ts"},{"__symbol":12,"name":"FormlyFormBuilder","filePath":"/home/abdellatif/www/contrib/ng2-formly/src/core/index.d.ts"},{"__symbol":13,"name":"FormlyFormBuilder","filePath":"/home/abdellatif/www/contrib/ng2-formly/src/core/services/formly.form.builder.d.ts"},{"__symbol":14,"name":"FormlyValidationMessages","filePath":"/home/abdellatif/www/contrib/ng2-formly/src/core/index.d.ts"},{"__symbol":15,"name":"FormlyValidationMessages","filePath":"/home/abdellatif/www/contrib/ng2-formly/src/core/services/formly.validation-messages.d.ts"},{"__symbol":16,"name":"FormlyPubSub","filePath":"/home/abdellatif/www/contrib/ng2-formly/src/core/index.d.ts"},{"__symbol":17,"name":"FormlyPubSub","filePath":"/home/abdellatif/www/contrib/ng2-formly/src/core/services/formly.event.emitter.d.ts"},{"__symbol":18,"name":"FormlyEventEmitter","filePath":"/home/abdellatif/www/contrib/ng2-formly/src/core/index.d.ts"},{"__symbol":19,"name":"FormlyEventEmitter","filePath":"/home/abdellatif/www/contrib/ng2-formly/src/core/services/formly.event.emitter.d.ts"},{"__symbol":20,"name":"Field","filePath":"/home/abdellatif/www/contrib/ng2-formly/src/core/index.d.ts"},{"__symbol":21,"name":"Field","filePath":"/home/abdellatif/www/contrib/ng2-formly/src/core/templates/field.d.ts"},{"__symbol":22,"name":"FieldType","filePath":"/home/abdellatif/www/contrib/ng2-formly/src/core/index.d.ts"},{"__symbol":23,"name":"FieldType","filePath":"/home/abdellatif/www/contrib/ng2-formly/src/core/templates/field.type.d.ts"},{"__symbol":24,"name":"FieldWrapper","filePath":"/home/abdellatif/www/contrib/ng2-formly/src/core/index.d.ts"},{"__symbol":25,"name":"FieldWrapper","filePath":"/home/abdellatif/www/contrib/ng2-formly/src/core/templates/field.wrapper.d.ts"},{"__symbol":26,"name":"FormlyModule","filePath":"/home/abdellatif/www/contrib/ng2-formly/src/core/index.d.ts"},{"__symbol":27,"name":"FormlyModule","filePath":"/home/abdellatif/www/contrib/ng2-formly/src/core/core.module.d.ts"}]}