[{"__symbolic":"module","version":3,"metadata":{},"exports":[{"from":"./components/formly.form","export":["FormlyForm"]},{"from":"./components/formly.field.config","export":["FormlyFieldConfig"]},{"from":"./components/formly.field","export":["FormlyField"]},{"from":"./components/formly.attributes","export":["FormlyAttributes"]},{"from":"./services/formly.config","export":["FormlyConfig","ConfigOption"]},{"from":"./services/formly.form.builder","export":["FormlyFormBuilder"]},{"from":"./services/formly.validation-messages","export":["FormlyValidationMessages"]},{"from":"./services/formly.event.emitter","export":["FormlyPubSub","FormlyEventEmitter"]},{"from":"./templates/field","export":["Field"]},{"from":"./templates/field.type","export":["FieldType"]},{"from":"./templates/field.wrapper","export":["FieldWrapper"]},{"from":"./core.module","export":["FormlyModule"]}]},{"__symbolic":"module","version":1,"metadata":{},"exports":[{"from":"./components/formly.form","export":["FormlyForm"]},{"from":"./components/formly.field.config","export":["FormlyFieldConfig"]},{"from":"./components/formly.field","export":["FormlyField"]},{"from":"./components/formly.attributes","export":["FormlyAttributes"]},{"from":"./services/formly.config","export":["FormlyConfig","ConfigOption"]},{"from":"./services/formly.form.builder","export":["FormlyFormBuilder"]},{"from":"./services/formly.validation-messages","export":["FormlyValidationMessages"]},{"from":"./services/formly.event.emitter","export":["FormlyPubSub","FormlyEventEmitter"]},{"from":"./templates/field","export":["Field"]},{"from":"./templates/field.type","export":["FieldType"]},{"from":"./templates/field.wrapper","export":["FieldWrapper"]},{"from":"./core.module","export":["FormlyModule"]}]}]