{"summaries":[{"symbol":{"__symbol":0},"metadata":{"__symbolic":"function"}},{"symbol":{"__symbol":1},"metadata":{"__symbolic":"function"}},{"symbol":{"__symbol":2},"metadata":{"__symbolic":"function"}},{"symbol":{"__symbol":3},"metadata":{"__symbolic":"function"}},{"symbol":{"__symbol":4},"metadata":{"__symbolic":"function"}},{"symbol":{"__symbol":5},"metadata":{"__symbolic":"function","parameters":["controlKey","actualKey"],"value":{"__symbolic":"if","condition":{"__symbolic":"reference","name":"actualKey"},"thenExpression":{"__symbolic":"binop","operator":"+","left":{"__symbolic":"binop","operator":"+","left":{"__symbolic":"reference","name":"actualKey"},"right":"."},"right":{"__symbolic":"reference","name":"controlKey"}},"elseExpression":{"__symbolic":"reference","name":"controlKey"}}}},{"symbol":{"__symbol":6},"metadata":{"__symbolic":"function"}},{"symbol":{"__symbol":7},"metadata":{"__symbolic":"function","parameters":["value"],"value":{"__symbolic":"binop","operator":"||","left":{"__symbolic":"binop","operator":"===","left":{"__symbolic":"reference","name":"value"},"right":{"__symbol":8}},"right":{"__symbolic":"binop","operator":"===","left":{"__symbolic":"reference","name":"value"},"right":null}}}},{"symbol":{"__symbol":9},"metadata":{"__symbolic":"function","parameters":["value"],"value":{"__symbolic":"binop","operator":"===","left":{"__symbolic":"reference","name":"value"},"right":{"__symbol":8}}}},{"symbol":{"__symbol":10},"metadata":{"__symbolic":"function","parameters":["value"],"value":{"__symbolic":"binop","operator":"===","left":{"__symbolic":"reference","name":"value"},"right":""}}},{"symbol":{"__symbol":11},"metadata":{"__symbolic":"function","parameters":["value"],"value":{"__symbolic":"binop","operator":"===","left":{"__symbolic":"error","message":"Expression form not supported","line":138,"character":9},"right":"function"}}},{"symbol":{"__symbol":12},"metadata":{"__symbolic":"function","parameters":["obj1","obj2"],"value":{"__symbolic":"binop","operator":"&&","left":{"__symbolic":"binop","operator":"&&","left":{"__symbolic":"call","expression":{"__symbol":13},"arguments":[{"__symbolic":"reference","name":"obj1"}]},"right":{"__symbolic":"call","expression":{"__symbol":13},"arguments":[{"__symbolic":"reference","name":"obj2"}]}},"right":{"__symbolic":"binop","operator":"===","left":{"__symbolic":"call","expression":{"__symbolic":"select","expression":{"__symbol":14},"member":"getPrototypeOf"},"arguments":[{"__symbolic":"reference","name":"obj1"}]},"right":{"__symbolic":"call","expression":{"__symbolic":"select","expression":{"__symbol":14},"member":"getPrototypeOf"},"arguments":[{"__symbolic":"reference","name":"obj2"}]}}}}},{"symbol":{"__symbol":13},"metadata":{"__symbolic":"function","parameters":["x"],"value":{"__symbolic":"binop","operator":"&&","left":{"__symbolic":"binop","operator":"!=","left":{"__symbolic":"reference","name":"x"},"right":null},"right":{"__symbolic":"binop","operator":"===","left":{"__symbolic":"error","message":"Expression form not supported","line":147,"character":22},"right":"object"}}}},{"symbol":{"__symbol":15},"metadata":{"__symbolic":"function"}},{"symbol":{"__symbol":16},"metadata":{"__symbolic":"function"}},{"symbol":{"__symbol":17},"metadata":{"__symbolic":"function"}},{"symbol":{"__symbol":18},"metadata":{"__symbolic":"function"}}],"symbols":[{"__symbol":0,"name":"getFieldId","filePath":"/home/abdellatif/www/contrib/ng2-formly/src/core/utils.d.ts"},{"__symbol":1,"name":"getKeyPath","filePath":"/home/abdellatif/www/contrib/ng2-formly/src/core/utils.d.ts"},{"__symbol":2,"name":"getFieldModel","filePath":"/home/abdellatif/www/contrib/ng2-formly/src/core/utils.d.ts"},{"__symbol":3,"name":"assignModelValue","filePath":"/home/abdellatif/www/contrib/ng2-formly/src/core/utils.d.ts"},{"__symbol":4,"name":"getValueForKey","filePath":"/home/abdellatif/www/contrib/ng2-formly/src/core/utils.d.ts"},{"__symbol":5,"name":"getKey","filePath":"/home/abdellatif/www/contrib/ng2-formly/src/core/utils.d.ts"},{"__symbol":6,"name":"reverseDeepMerge","filePath":"/home/abdellatif/www/contrib/ng2-formly/src/core/utils.d.ts"},{"__symbol":7,"name":"isNullOrUndefined","filePath":"/home/abdellatif/www/contrib/ng2-formly/src/core/utils.d.ts"},{"__symbol":8,"name":"undefined","filePath":"/home/abdellatif/www/contrib/ng2-formly/src/core/utils.d.ts"},{"__symbol":9,"name":"isUndefined","filePath":"/home/abdellatif/www/contrib/ng2-formly/src/core/utils.d.ts"},{"__symbol":10,"name":"isBlankString","filePath":"/home/abdellatif/www/contrib/ng2-formly/src/core/utils.d.ts"},{"__symbol":11,"name":"isFunction","filePath":"/home/abdellatif/www/contrib/ng2-formly/src/core/utils.d.ts"},{"__symbol":12,"name":"objAndSameType","filePath":"/home/abdellatif/www/contrib/ng2-formly/src/core/utils.d.ts"},{"__symbol":13,"name":"isObject","filePath":"/home/abdellatif/www/contrib/ng2-formly/src/core/utils.d.ts"},{"__symbol":14,"name":"Object","filePath":"/home/abdellatif/www/contrib/ng2-formly/src/core/utils.d.ts"},{"__symbol":15,"name":"clone","filePath":"/home/abdellatif/www/contrib/ng2-formly/src/core/utils.d.ts"},{"__symbol":16,"name":"evalStringExpression","filePath":"/home/abdellatif/www/contrib/ng2-formly/src/core/utils.d.ts"},{"__symbol":17,"name":"evalExpressionValueSetter","filePath":"/home/abdellatif/www/contrib/ng2-formly/src/core/utils.d.ts"},{"__symbol":18,"name":"evalExpression","filePath":"/home/abdellatif/www/contrib/ng2-formly/src/core/utils.d.ts"}]}